-- phpMyAdmin SQL Dump
-- version 4.4.15.10
-- https://www.phpmyadmin.net
--
-- Host: localhost
-- Generation Time: 2025-04-30 16:54:05
-- 服务器版本： 8.0.24
-- PHP Version: 5.5.38

SET SQL_MODE = "NO_AUTO_VALUE_ON_ZERO";
SET time_zone = "+00:00";


/*!40101 SET @OLD_CHARACTER_SET_CLIENT=@@CHARACTER_SET_CLIENT */;
/*!40101 SET @OLD_CHARACTER_SET_RESULTS=@@CHARACTER_SET_RESULTS */;
/*!40101 SET @OLD_COLLATION_CONNECTION=@@COLLATION_CONNECTION */;
/*!40101 SET NAMES utf8mb4 */;

--
-- Database: `dormitory_manager`
--

-- --------------------------------------------------------

--
-- 表的结构 `absence_record`
--

CREATE TABLE IF NOT EXISTS `absence_record` (
  `id` int NOT NULL COMMENT '主键ID',
  `school` varchar(100) CHARACTER SET utf8mb4 COLLATE utf8mb4_0900_ai_ci NOT NULL COMMENT '学校名称',
  `department` varchar(100) CHARACTER SET utf8mb4 COLLATE utf8mb4_0900_ai_ci NOT NULL COMMENT '二级学院/部门',
  `registrar` varchar(50) CHARACTER SET utf8mb4 COLLATE utf8mb4_0900_ai_ci NOT NULL COMMENT '登记人',
  `registrar_phone` varchar(20) CHARACTER SET utf8mb4 COLLATE utf8mb4_0900_ai_ci NOT NULL COMMENT '登记人电话',
  `report_date` date NOT NULL COMMENT '报送日期',
  `absent_date` date NOT NULL COMMENT '缺勤日期',
  `name` varchar(50) CHARACTER SET utf8mb4 COLLATE utf8mb4_0900_ai_ci NOT NULL COMMENT '姓名',
  `gender` tinyint NOT NULL COMMENT '性别（0:女 1:男）',
  `age` int DEFAULT NULL COMMENT '年龄',
  `class_id` bigint NOT NULL COMMENT '班级ID（关联faculty表）',
  `phone` varchar(20) CHARACTER SET utf8mb4 COLLATE utf8mb4_0900_ai_ci DEFAULT NULL COMMENT '联系电话',
  `symptoms` text CHARACTER SET utf8mb4 COLLATE utf8mb4_0900_ai_ci COMMENT '主要症状',
  `visit_date` date DEFAULT NULL COMMENT '就诊日期',
  `hospital` varchar(100) CHARACTER SET utf8mb4 COLLATE utf8mb4_0900_ai_ci DEFAULT NULL COMMENT '就诊医院',
  `diagnosis` varchar(200) CHARACTER SET utf8mb4 COLLATE utf8mb4_0900_ai_ci DEFAULT NULL COMMENT '诊断结果',
  `return_date` date DEFAULT NULL COMMENT '返校时间',
  `is_cured` tinyint DEFAULT '0' COMMENT '是否治愈（0:否 1:是）',
  `is_infectious` tinyint DEFAULT '0' COMMENT '是否传染病（0:否 1:是）'
) ENGINE=InnoDB AUTO_INCREMENT=20 DEFAULT CHARSET=utf8mb4 COLLATE=utf8mb4_0900_ai_ci ROW_FORMAT=DYNAMIC COMMENT='因病缺勤登记表';

--
-- 转存表中的数据 `absence_record`
--

INSERT INTO `absence_record` (`id`, `school`, `department`, `registrar`, `registrar_phone`, `report_date`, `absent_date`, `name`, `gender`, `age`, `class_id`, `phone`, `symptoms`, `visit_date`, `hospital`, `diagnosis`, `return_date`, `is_cured`, `is_infectious`) VALUES
(13, '云南旅游职业学院', '信息工程', '13333333', '1322323232', '2025-04-23', '2025-04-27', '刘洋', 1, 0, 15, '133232323232', '发热，咳嗽', '2025-04-28', '光华医院', '', '2025-04-30', 0, 1),
(14, '云南旅游职业学院', '信息工程学院', '李老师', '133332323', '2025-04-27', '2025-04-29', '张一牟', 1, 22, 11, '13333332323', '拉肚子，发热', '2025-04-27', '第一医院', '发热', '2025-05-01', 0, 0),
(16, '云南旅游职业学院', '信息工程学院', '王老师', '13333333', '2025-04-29', '2025-04-28', '李不白', 1, 19, 15, '13333333', '脚腕疼', '2025-04-29', '光华医院', '骨折', '2025-04-30', 0, 0),
(17, '云南旅游职业学院', '信息工程', '张老师', '13333333', '2025-04-28', '2025-04-28', '吴亦', 1, 18, 15, '133333333', '发热，流涕', '2025-04-28', '第一医院', '流行性感冒', '2025-04-28', 0, 1),
(18, '云南旅游职业学院', '信息工程', '孙老师', '13332323232', '2025-04-28', '2025-04-29', '张云', 1, 20, 11, '1333323232323', '皮肤瘙痒，长水泡', '2025-04-28', '光华医院', '疱疹', '2025-04-30', 0, 1),
(19, '云南旅游职业学院', '', '张鹏', '13429889999', '2025-03-14', '2025-03-14', '张三', 1, 18, 11, '13422223333', '流鼻涕', '2025-03-14', '昆华医院', '感冒', '2025-03-15', 1, 0);

-- --------------------------------------------------------

--
-- 表的结构 `back_late`
--

CREATE TABLE IF NOT EXISTS `back_late` (
  `id` bigint NOT NULL,
  `student_id` bigint DEFAULT NULL,
  `back_date` datetime DEFAULT NULL,
  `reason` varchar(255) CHARACTER SET utf8 COLLATE utf8_general_ci DEFAULT NULL
) ENGINE=InnoDB AUTO_INCREMENT=9 DEFAULT CHARSET=utf8mb3 ROW_FORMAT=DYNAMIC;

--
-- 转存表中的数据 `back_late`
--

INSERT INTO `back_late` (`id`, `student_id`, `back_date`, `reason`) VALUES
(3, 4285, '2025-04-27 18:23:25', '堵车了'),
(4, 4273, '2025-04-26 00:00:00', '朋友过生日'),
(5, 4283, '2025-04-23 00:00:00', '临时有事'),
(6, 4282, '2025-04-26 00:00:00', '地铁停运'),
(7, 4281, '2025-04-16 00:00:00', '出去玩'),
(8, 4282, '2025-04-29 00:00:00', '堵车了');

-- --------------------------------------------------------

--
-- 表的结构 `building`
--

CREATE TABLE IF NOT EXISTS `building` (
  `id` bigint NOT NULL,
  `name` varchar(30) CHARACTER SET utf8 COLLATE utf8_general_ci DEFAULT NULL,
  `parent_id` bigint DEFAULT NULL
) ENGINE=InnoDB AUTO_INCREMENT=22 DEFAULT CHARSET=utf8mb3 ROW_FORMAT=DYNAMIC;

--
-- 转存表中的数据 `building`
--

INSERT INTO `building` (`id`, `name`, `parent_id`) VALUES
(1, '云南旅游职业学院', NULL),
(2, '28栋', 1),
(3, '27栋', 1),
(5, '26栋', 1),
(6, 'A1', 2),
(13, 'A2', 2),
(14, 'A3', 2),
(15, 'B1', 3),
(16, 'B2', 3),
(17, 'B3', 3),
(18, 'C1', 5),
(19, 'C2', 5),
(21, '得英苑', 1);

-- --------------------------------------------------------

--
-- 表的结构 `depart_application`
--

CREATE TABLE IF NOT EXISTS `depart_application` (
  `id` bigint NOT NULL,
  `apply_user_id` bigint DEFAULT NULL,
  `reason` varchar(255) CHARACTER SET utf8 COLLATE utf8_general_ci DEFAULT NULL,
  `time` datetime DEFAULT NULL,
  `student_id` bigint DEFAULT NULL
) ENGINE=InnoDB AUTO_INCREMENT=29 DEFAULT CHARSET=utf8mb3 ROW_FORMAT=DYNAMIC;

-- --------------------------------------------------------

--
-- 表的结构 `depart_application_user`
--

CREATE TABLE IF NOT EXISTS `depart_application_user` (
  `id` bigint NOT NULL,
  `operate_user_id` bigint DEFAULT NULL,
  `is_agree` tinyint(1) DEFAULT NULL,
  `operate_time` datetime DEFAULT NULL,
  `reason` varchar(255) CHARACTER SET utf8 COLLATE utf8_general_ci DEFAULT NULL,
  `application_id` bigint DEFAULT NULL
) ENGINE=InnoDB AUTO_INCREMENT=34 DEFAULT CHARSET=utf8mb3 ROW_FORMAT=DYNAMIC;

-- --------------------------------------------------------

--
-- 表的结构 `faculty`
--

CREATE TABLE IF NOT EXISTS `faculty` (
  `id` bigint NOT NULL,
  `name` varchar(30) CHARACTER SET utf8 COLLATE utf8_general_ci DEFAULT NULL,
  `parent_id` bigint DEFAULT NULL,
  `order_num` int DEFAULT NULL
) ENGINE=InnoDB AUTO_INCREMENT=42 DEFAULT CHARSET=utf8mb3 ROW_FORMAT=DYNAMIC;

--
-- 转存表中的数据 `faculty`
--

INSERT INTO `faculty` (`id`, `name`, `parent_id`, `order_num`) VALUES
(1, '云南旅游职业学院', NULL, 2),
(2, '信息工程学院', 1, 0),
(4, '资源工程学院', 1, 5),
(5, '文化艺术学院', 1, 4),
(7, '软件技术', 2, 1),
(10, '软件2201', 7, 1),
(11, '软件2301', 7, 2),
(12, '软件2401', 7, 3),
(13, '旅游学院', 1, 5),
(14, '计算机技术', 2, 2),
(15, '计算机2301', 14, 1),
(16, '计算机2401', 14, 2),
(17, '经济管理学院', 2, 4),
(18, '电商2201', 29, 1),
(19, '电商2301', 29, 2),
(20, '电商2401', 29, 3),
(21, '网络技术', 2, 3),
(22, '网络2301', 21, 1),
(23, '网络2401', 21, 2),
(29, '电商管理', 17, 0),
(30, '导游', 13, 0),
(31, '导游2201', 30, 0),
(32, '导游2301', 30, 0),
(33, '工艺美术', 5, 0),
(34, '工艺2201', 33, 0),
(35, '工艺2301', 33, 0),
(36, '工艺2401', 33, 0),
(37, '工程测量技术', 4, 0),
(38, '工程2201', 37, 0),
(39, '工程2301', 37, 0),
(40, '工程2401', 37, 0),
(41, '导游2401', 30, 0);

-- --------------------------------------------------------

--
-- 表的结构 `image`
--

CREATE TABLE IF NOT EXISTS `image` (
  `id` bigint NOT NULL,
  `save_name` varchar(255) CHARACTER SET utf8 COLLATE utf8_general_ci NOT NULL,
  `original_name` varchar(255) CHARACTER SET utf8 COLLATE utf8_general_ci NOT NULL,
  `md5` varchar(255) CHARACTER SET utf8 COLLATE utf8_general_ci NOT NULL,
  `upload_user` bigint NOT NULL,
  `upload_time` datetime DEFAULT NULL
) ENGINE=InnoDB AUTO_INCREMENT=28 DEFAULT CHARSET=utf8mb3 ROW_FORMAT=DYNAMIC;

--
-- 转存表中的数据 `image`
--

INSERT INTO `image` (`id`, `save_name`, `original_name`, `md5`, `upload_user`, `upload_time`) VALUES
(26, 'c15e2f61-19ba-4a71-95e7-36168aab0360.png', '水龙头漏水.jpg', '0E0A4C0E272310A0E4408C2025B765AC', 1, '2025-04-27 18:33:30'),
(27, '39f620d0-2ad8-493a-9708-a6a4120abbe9.png', 'logo.png', '52BF443C8D40B1876BEAE8DDF631E97B', 1, '2025-04-28 16:02:21');

-- --------------------------------------------------------

--
-- 表的结构 `leave`
--

CREATE TABLE IF NOT EXISTS `leave` (
  `id` bigint NOT NULL,
  `time` datetime DEFAULT NULL,
  `reason` varchar(255) CHARACTER SET utf8 COLLATE utf8_general_ci DEFAULT NULL,
  `is_back` tinyint(1) DEFAULT NULL,
  `student_id` bigint DEFAULT NULL,
  `target` varchar(20) CHARACTER SET utf8 COLLATE utf8_general_ci DEFAULT NULL,
  `back_date` date NOT NULL
) ENGINE=InnoDB AUTO_INCREMENT=18 DEFAULT CHARSET=utf8mb3 ROW_FORMAT=DYNAMIC;

--
-- 转存表中的数据 `leave`
--

INSERT INTO `leave` (`id`, `time`, `reason`, `is_back`, `student_id`, `target`, `back_date`) VALUES
(8, '2025-04-27 18:26:38', '亲戚结婚', 0, 4280, '云南省昆明市官渡区', '2025-04-30'),
(9, '2025-04-27 18:27:15', '亲戚生病去看望', 0, 3461, '云南省昆明市五华区', '2025-04-25'),
(10, '2025-04-27 18:27:45', '出去玩', 0, 3580, '云南省昆明市 西山区', '2025-04-29'),
(11, '2025-03-27 18:28:32', '出去比赛', 0, 4277, '云南省昆明市高新区', '2025-03-24'),
(12, '2025-04-27 18:29:11', '探望亲戚', 0, 4118, '浙江省金华市', '2025-05-01'),
(13, '2025-05-01 18:29:36', '做手术', 0, 4275, '云南省昆明市五华区', '2025-05-07'),
(14, '2025-04-27 18:31:29', '走访亲友', 1, 4274, '云南省昆明市五华区', '2025-03-12'),
(15, '2025-03-27 21:10:53', '走访亲友', 1, 4274, '云南省昆明市五华区', '2025-03-28'),
(17, '2025-04-28 18:34:16', '出去玩', 1, 4282, '云南省昆明市五华区', '2025-04-29');

-- --------------------------------------------------------

--
-- 表的结构 `leave_applications`
--

CREATE TABLE IF NOT EXISTS `leave_applications` (
  `apply_id` bigint NOT NULL COMMENT '申请ID',
  `student_no` varchar(12) CHARACTER SET utf8mb4 COLLATE utf8mb4_0900_ai_ci NOT NULL COMMENT '学号',
  `student_name` varchar(20) CHARACTER SET utf8mb4 COLLATE utf8mb4_0900_ai_ci NOT NULL COMMENT '学生姓名',
  `gender` varchar(15) CHARACTER SET utf8mb4 COLLATE utf8mb4_0900_ai_ci NOT NULL COMMENT '性别',
  `department` varchar(50) CHARACTER SET utf8mb4 COLLATE utf8mb4_0900_ai_ci DEFAULT NULL COMMENT '所在院系',
  `class_name` varchar(30) CHARACTER SET utf8mb4 COLLATE utf8mb4_0900_ai_ci DEFAULT NULL COMMENT '所属班级',
  `phone` varchar(11) CHARACTER SET utf8mb4 COLLATE utf8mb4_0900_ai_ci NOT NULL COMMENT '学生电话',
  `parent_name` varchar(20) CHARACTER SET utf8mb4 COLLATE utf8mb4_0900_ai_ci DEFAULT NULL COMMENT '家长姓名',
  `parent_phone` varchar(11) CHARACTER SET utf8mb4 COLLATE utf8mb4_0900_ai_ci NOT NULL COMMENT '家长电话',
  `address` text CHARACTER SET utf8mb4 COLLATE utf8mb4_0900_ai_ci COMMENT '校外居住地址',
  `start_date` date DEFAULT NULL COMMENT '开始日期',
  `end_date` date DEFAULT NULL COMMENT '结束日期',
  `reason` text CHARACTER SET utf8mb4 COLLATE utf8mb4_0900_ai_ci COMMENT '走读原因',
  `emergency_contact` varchar(20) CHARACTER SET utf8mb4 COLLATE utf8mb4_0900_ai_ci DEFAULT NULL COMMENT '紧急联系人',
  `emergency_phone` varchar(11) CHARACTER SET utf8mb4 COLLATE utf8mb4_0900_ai_ci DEFAULT NULL COMMENT '紧急联系人电话',
  `parent_agree` enum('未确认','已同意','已拒绝') CHARACTER SET utf8mb4 COLLATE utf8mb4_0900_ai_ci DEFAULT '未确认' COMMENT '家长意见',
  `parent_opinion` varchar(255) CHARACTER SET utf8mb4 COLLATE utf8mb4_0900_ai_ci DEFAULT NULL,
  `counselor_status` varchar(20) CHARACTER SET utf8mb4 COLLATE utf8mb4_0900_ai_ci DEFAULT '待审核' COMMENT '辅导员审核',
  `college_status` varchar(20) CHARACTER SET utf8mb4 COLLATE utf8mb4_0900_ai_ci DEFAULT '待审核' COMMENT '二级学院审核',
  `audit_comments` text CHARACTER SET utf8mb4 COLLATE utf8mb4_0900_ai_ci COMMENT '审批意见',
  `id_card_path` varchar(255) CHARACTER SET utf8mb4 COLLATE utf8mb4_0900_ai_ci DEFAULT NULL COMMENT '身份证照片路径',
  `contract_path` varchar(255) CHARACTER SET utf8mb4 COLLATE utf8mb4_0900_ai_ci DEFAULT NULL COMMENT '租房合同路径',
  `other_file_path` varchar(255) CHARACTER SET utf8mb4 COLLATE utf8mb4_0900_ai_ci DEFAULT NULL COMMENT '其他证明路径',
  `student_signature` varchar(255) CHARACTER SET utf8mb4 COLLATE utf8mb4_0900_ai_ci NOT NULL COMMENT '学生签名图片路径',
  `parent_signature` varchar(255) CHARACTER SET utf8mb4 COLLATE utf8mb4_0900_ai_ci NOT NULL COMMENT '家长签名图片路径',
  `status` enum('draft','submitted','approved','rejected','expired') CHARACTER SET utf8mb4 COLLATE utf8mb4_0900_ai_ci DEFAULT 'draft' COMMENT '申请状态',
  `create_time` datetime DEFAULT CURRENT_TIMESTAMP COMMENT '创建时间',
  `update_time` datetime DEFAULT CURRENT_TIMESTAMP ON UPDATE CURRENT_TIMESTAMP COMMENT '更新时间'
) ENGINE=InnoDB AUTO_INCREMENT=39 DEFAULT CHARSET=utf8mb4 COLLATE=utf8mb4_0900_ai_ci ROW_FORMAT=DYNAMIC COMMENT='大学生走读申请单';

--
-- 转存表中的数据 `leave_applications`
--

INSERT INTO `leave_applications` (`apply_id`, `student_no`, `student_name`, `gender`, `department`, `class_name`, `phone`, `parent_name`, `parent_phone`, `address`, `start_date`, `end_date`, `reason`, `emergency_contact`, `emergency_phone`, `parent_agree`, `parent_opinion`, `counselor_status`, `college_status`, `audit_comments`, `id_card_path`, `contract_path`, `other_file_path`, `student_signature`, `parent_signature`, `status`, `create_time`, `update_time`) VALUES
(33, '22453426338', '华旭', 'male', '', '软件2201', '18018520168', '华元', '13333332323', '云南省昆明市桃源村1', '2025-05-06', '2025-06-19', '不适用宿舍', '华元', '', '已同意', '同意', '待审核', '待审核', NULL, NULL, NULL, NULL, '华旭', '华元', 'draft', '2025-04-27 18:57:46', '2025-04-27 18:57:46'),
(34, '22939615013', '卫强', 'male', '信息工程学院', '工程2301', '18003413827', '卫国', '13333232333', '云南省昆明市五华区1', '2025-04-07', '2025-05-06', '不适应宿舍环境', '卫国', '', '已同意', '同意', '已通过', '待审核', NULL, NULL, NULL, NULL, '卫强', '卫国', 'draft', '2025-04-27 21:28:06', '2025-04-28 16:25:31'),
(35, '22409414615', '孙浩翔', 'male', '', '工程2301', '18080206432', NULL, '13080205421', '云南省昆明市盘龙区穿金路美树橙', NULL, NULL, '离家近，走读更方便', NULL, '', '已同意', '同意', '已通过', '待审核', NULL, NULL, NULL, NULL, '孙浩翔', '孙浩', 'draft', '2025-04-28 16:46:05', '2025-04-28 17:00:06'),
(36, '24069428933', '吕睿萌', 'male', '', '导游2401', '18032393971', NULL, '13632393972', '云南省昆明市盘龙区穿金路美树橙', '2025-04-28', '2025-06-30', '离家近，回家更方便', NULL, '', '已同意', '同意', '已通过', '待审核', NULL, NULL, NULL, NULL, '吕睿萌', '吕冰', 'draft', '2025-04-28 17:27:10', '2025-04-28 17:27:15'),
(37, '23021073682', '姜萌', 'male', '信息工程学院', '电商2301', '18043656294', '李平安', '13333232333', '云南省昆明市五华区1', '2025-04-07', '2025-05-21', '生病需要回家修养', '李平安', '', '已同意', '同意', '待审核', '待审核', NULL, NULL, NULL, NULL, '姜萌', '李平安', 'draft', '2025-04-28 18:04:01', '2025-04-28 18:04:01'),
(38, '23913798171', '严欣', 'male', '信息工程学院', '工艺2301', '18078754221', '严白', '13232323223', '云南省昆明市桃源村1号', '2025-05-21', '2025-05-21', '需要回家养病', '严白', '', '已同意', '同意', '已通过', '待审核', NULL, NULL, NULL, NULL, '严欣', '严白', 'draft', '2025-04-28 19:32:56', '2025-04-28 19:33:09');

-- --------------------------------------------------------

--
-- 表的结构 `notice`
--

CREATE TABLE IF NOT EXISTS `notice` (
  `id` bigint NOT NULL,
  `msg` text CHARACTER SET utf8 COLLATE utf8_general_ci,
  `user_id` bigint DEFAULT NULL,
  `time` datetime DEFAULT NULL
) ENGINE=InnoDB AUTO_INCREMENT=50 DEFAULT CHARSET=utf8mb3 ROW_FORMAT=DYNAMIC;

--
-- 转存表中的数据 `notice`
--

INSERT INTO `notice` (`id`, `msg`, `user_id`, `time`) VALUES
(28, '今年放假时间：2021-02-06', 1, '2021-02-06 16:33:47'),
(48, '今年开学时间：2021年3月1日', 1, '2021-02-07 18:32:24'),
(49, '5月1日至5日放假调休，4月27日正常上课。', 1, '2025-04-27 20:32:37');

-- --------------------------------------------------------

--
-- 表的结构 `notice_user`
--

CREATE TABLE IF NOT EXISTS `notice_user` (
  `user_id` bigint NOT NULL,
  `notice_id` bigint NOT NULL,
  `is_read` tinyint(1) DEFAULT NULL,
  `is_delete` tinyint(1) DEFAULT '0'
) ENGINE=InnoDB DEFAULT CHARSET=utf8mb3 ROW_FORMAT=DYNAMIC;

--
-- 转存表中的数据 `notice_user`
--

INSERT INTO `notice_user` (`user_id`, `notice_id`, `is_read`, `is_delete`) VALUES
(1, 28, 1, 0),
(23, 28, 1, 0),
(24, 28, 1, 0),
(25, 28, 0, 0),
(26, 28, 1, 0),
(27, 28, 1, 0),
(28, 28, 0, 0),
(29, 28, 0, 0),
(30, 28, 0, 0),
(31, 28, 0, 0),
(32, 28, 0, 0),
(33, 28, 0, 0),
(34, 28, 0, 0),
(35, 28, 0, 0),
(36, 28, 0, 0),
(37, 28, 1, 0),
(38, 28, 0, 0),
(39, 28, 0, 0),
(40, 28, 0, 0),
(41, 28, 0, 0),
(42, 28, 0, 0),
(43, 28, 1, 0),
(1, 48, 1, 1),
(23, 48, 1, 0),
(24, 48, 1, 0),
(25, 48, 0, 0),
(26, 48, 0, 0),
(27, 48, 0, 0),
(28, 48, 0, 0),
(29, 48, 0, 0),
(30, 48, 0, 0),
(31, 48, 0, 0),
(32, 48, 0, 0),
(33, 48, 0, 0),
(34, 48, 0, 0),
(35, 48, 0, 0),
(36, 48, 0, 0),
(37, 48, 1, 0),
(38, 48, 0, 0),
(39, 48, 0, 0),
(40, 48, 0, 0),
(41, 48, 0, 0),
(42, 48, 0, 0),
(43, 48, 1, 0),
(1, 49, 1, 0),
(23, 49, 0, 0),
(24, 49, 0, 0),
(25, 49, 0, 0),
(26, 49, 0, 0),
(27, 49, 0, 0),
(28, 49, 0, 0),
(29, 49, 0, 0),
(30, 49, 0, 0),
(31, 49, 0, 0),
(32, 49, 0, 0),
(33, 49, 0, 0),
(34, 49, 0, 0),
(35, 49, 0, 0),
(36, 49, 0, 0),
(37, 49, 0, 0),
(38, 49, 0, 0),
(39, 49, 0, 0),
(40, 49, 0, 0),
(41, 49, 0, 0),
(42, 49, 0, 0),
(43, 49, 0, 0),
(45, 49, 0, 0);

-- --------------------------------------------------------

--
-- 表的结构 `repair`
--

CREATE TABLE IF NOT EXISTS `repair` (
  `id` bigint NOT NULL,
  `room_id` bigint NOT NULL,
  `describe` varchar(200) CHARACTER SET utf8 COLLATE utf8_general_ci DEFAULT NULL,
  `status` tinyint(1) DEFAULT NULL,
  `create_date` date DEFAULT NULL,
  `finish_date` date DEFAULT NULL
) ENGINE=InnoDB AUTO_INCREMENT=20 DEFAULT CHARSET=utf8mb3 ROW_FORMAT=DYNAMIC COMMENT='报修记录';

--
-- 转存表中的数据 `repair`
--

INSERT INTO `repair` (`id`, `room_id`, `describe`, `status`, `create_date`, `finish_date`) VALUES
(4, 1, '天花板塌了。。', 1, '2021-04-13', '2021-04-13'),
(5, 262, '卫生间漏水', 1, '2021-04-13', '2025-04-15'),
(7, 4, '水龙头漏水', 0, '2025-04-27', NULL),
(8, 24, '宿舍停电了', 1, '2025-04-27', '2025-04-27'),
(9, 37, '门坏了', 0, '2025-04-27', NULL),
(10, 161, '灯不亮', 0, '2025-04-27', NULL),
(11, 4, '水龙头坏了', 1, '2025-04-27', '2025-04-27'),
(12, 5, '水龙头坏了', 0, '2025-04-27', NULL),
(13, 66, '水龙头坏了', 1, '2025-04-27', '2025-04-27'),
(14, 8, '水龙头坏了', 0, '2025-04-27', NULL),
(15, 121, '水龙头漏水', 1, '2025-04-27', '2025-04-27'),
(16, 5, '水龙头坏了', 1, '2025-04-27', '2025-04-27'),
(17, 5, '水龙头坏了', 1, '2025-04-27', '2025-04-27'),
(18, 4, '水龙头坏了', 0, '2025-04-27', NULL),
(19, 69, '水龙头坏了', 1, '2025-04-28', '2025-04-28');

-- --------------------------------------------------------

--
-- 表的结构 `repair_picture`
--

CREATE TABLE IF NOT EXISTS `repair_picture` (
  `picture` varchar(255) CHARACTER SET utf8 COLLATE utf8_general_ci DEFAULT NULL,
  `repair_id` bigint DEFAULT NULL
) ENGINE=InnoDB DEFAULT CHARSET=utf8mb3 ROW_FORMAT=DYNAMIC;

--
-- 转存表中的数据 `repair_picture`
--

INSERT INTO `repair_picture` (`picture`, `repair_id`) VALUES
('18358239-196d-4901-b2bd-3e849dc5227c.png', 4),
('8c9b05b5-6820-4a6a-82f7-eb39ee2f5ffe.png', 4),
('c15e2f61-19ba-4a71-95e7-36168aab0360.png', 7),
('c15e2f61-19ba-4a71-95e7-36168aab0360.png', 11),
('c15e2f61-19ba-4a71-95e7-36168aab0360.png', 12),
('c15e2f61-19ba-4a71-95e7-36168aab0360.png', 13),
('c15e2f61-19ba-4a71-95e7-36168aab0360.png', 14),
('c15e2f61-19ba-4a71-95e7-36168aab0360.png', 15),
('c15e2f61-19ba-4a71-95e7-36168aab0360.png', 17),
('c15e2f61-19ba-4a71-95e7-36168aab0360.png', 18),
('c15e2f61-19ba-4a71-95e7-36168aab0360.png', 19);

-- --------------------------------------------------------

--
-- 表的结构 `room`
--

CREATE TABLE IF NOT EXISTS `room` (
  `id` bigint NOT NULL,
  `number` varchar(30) CHARACTER SET utf8 COLLATE utf8_general_ci DEFAULT NULL,
  `building_id` bigint DEFAULT NULL,
  `max_capacity` int DEFAULT NULL
) ENGINE=InnoDB AUTO_INCREMENT=402 DEFAULT CHARSET=utf8mb3 ROW_FORMAT=DYNAMIC;

--
-- 转存表中的数据 `room`
--

INSERT INTO `room` (`id`, `number`, `building_id`, `max_capacity`) VALUES
(1, 'A1001', 6, 4),
(2, 'A1002', 6, 4),
(3, 'A1003', 6, 4),
(4, 'A1004', 6, 4),
(5, 'A1005', 6, 4),
(6, 'A1006', 6, 4),
(7, 'A1007', 6, 4),
(8, 'A1008', 6, 4),
(9, 'A1009', 6, 4),
(10, 'A1010', 6, 4),
(11, 'A2001', 6, 4),
(12, 'A2002', 6, 4),
(13, 'A2003', 6, 4),
(14, 'A2004', 6, 4),
(15, 'A2005', 6, 4),
(16, 'A2006', 6, 4),
(17, 'A2007', 6, 4),
(18, 'A2008', 6, 4),
(19, 'A2009', 6, 4),
(20, 'A2010', 6, 4),
(21, 'A3001', 6, 4),
(22, 'A3002', 6, 4),
(23, 'A3003', 6, 4),
(24, 'A3004', 6, 4),
(25, 'A3005', 6, 4),
(26, 'A3006', 6, 4),
(27, 'A3007', 6, 4),
(28, 'A3008', 6, 4),
(29, 'A3009', 6, 4),
(30, 'A3010', 6, 4),
(31, 'A4001', 6, 4),
(32, 'A4002', 6, 4),
(33, 'A4003', 6, 4),
(34, 'A4004', 6, 4),
(35, 'A4005', 6, 4),
(36, 'A4006', 6, 4),
(37, 'A4007', 6, 4),
(38, 'A4008', 6, 4),
(39, 'A4009', 6, 4),
(40, 'A4010', 6, 4),
(41, 'A5001', 6, 4),
(42, 'A5002', 6, 4),
(43, 'A5003', 6, 4),
(44, 'A5004', 6, 4),
(45, 'A5005', 6, 4),
(46, 'A5006', 6, 4),
(47, 'A5007', 6, 4),
(48, 'A5008', 6, 4),
(49, 'A5009', 6, 4),
(50, 'A5010', 6, 4),
(51, 'A6001', 6, 4),
(52, 'A6002', 6, 4),
(53, 'A6003', 6, 4),
(54, 'A6004', 6, 4),
(55, 'A6005', 6, 4),
(56, 'A6006', 6, 4),
(57, 'A6007', 6, 4),
(58, 'A6008', 6, 4),
(59, 'A6009', 6, 4),
(60, 'A6010', 6, 4),
(61, 'A1011', 13, 6),
(62, 'A1012', 13, 6),
(63, 'A1013', 13, 6),
(64, 'A1014', 13, 6),
(65, 'A1015', 13, 6),
(66, 'A1016', 13, 6),
(67, 'A1017', 13, 6),
(68, 'A1018', 13, 6),
(69, 'A1019', 13, 6),
(70, 'A1020', 13, 6),
(71, 'A2011', 13, 6),
(72, 'A2012', 13, 6),
(73, 'A2013', 13, 6),
(74, 'A2014', 13, 6),
(75, 'A2015', 13, 6),
(76, 'A2016', 13, 6),
(77, 'A2017', 13, 6),
(78, 'A2018', 13, 6),
(79, 'A2019', 13, 6),
(80, 'A2020', 13, 6),
(81, 'A3011', 13, 6),
(82, 'A3012', 13, 6),
(83, 'A3013', 13, 6),
(84, 'A3014', 13, 6),
(85, 'A3015', 13, 6),
(86, 'A3016', 13, 6),
(87, 'A3017', 13, 6),
(88, 'A3018', 13, 6),
(89, 'A3019', 13, 6),
(90, 'A3020', 13, 6),
(91, 'A4011', 13, 6),
(92, 'A4012', 13, 6),
(93, 'A4013', 13, 6),
(94, 'A4014', 13, 6),
(95, 'A4015', 13, 6),
(96, 'A4016', 13, 6),
(97, 'A4017', 13, 6),
(98, 'A4018', 13, 6),
(99, 'A4019', 13, 6),
(100, 'A4020', 13, 6),
(101, 'A5011', 13, 6),
(102, 'A5012', 13, 6),
(103, 'A5013', 13, 6),
(104, 'A5014', 13, 6),
(105, 'A5015', 13, 6),
(106, 'A5016', 13, 6),
(107, 'A5017', 13, 6),
(108, 'A5018', 13, 6),
(109, 'A5019', 13, 6),
(110, 'A5020', 13, 6),
(111, 'A6011', 13, 6),
(112, 'A6012', 13, 6),
(113, 'A6013', 13, 6),
(114, 'A6014', 13, 6),
(115, 'A6015', 13, 6),
(116, 'A6016', 13, 6),
(117, 'A6017', 13, 6),
(118, 'A6018', 13, 6),
(119, 'A6019', 13, 6),
(120, 'A6020', 13, 6),
(121, 'A1021', 14, 6),
(122, 'A1022', 14, 6),
(123, 'A1023', 14, 6),
(124, 'A1024', 14, 6),
(125, 'A1025', 14, 6),
(126, 'A1026', 14, 6),
(127, 'A1027', 14, 6),
(128, 'A1028', 14, 6),
(129, 'A1029', 14, 6),
(130, 'A1030', 14, 6),
(131, 'A2021', 14, 6),
(132, 'A2022', 14, 6),
(133, 'A2023', 14, 6),
(134, 'A2024', 14, 6),
(135, 'A2025', 14, 6),
(136, 'A2026', 14, 6),
(137, 'A2027', 14, 6),
(138, 'A2028', 14, 6),
(139, 'A2029', 14, 6),
(140, 'A2030', 14, 6),
(141, 'A3021', 14, 6),
(142, 'A3022', 14, 6),
(143, 'A3023', 14, 6),
(144, 'A3024', 14, 6),
(145, 'A3025', 14, 6),
(146, 'A3026', 14, 6),
(147, 'A3027', 14, 6),
(148, 'A3028', 14, 6),
(149, 'A3029', 14, 6),
(150, 'A3030', 14, 6),
(151, 'A4021', 14, 6),
(152, 'A4022', 14, 6),
(153, 'A4023', 14, 6),
(154, 'A4024', 14, 6),
(155, 'A4025', 14, 6),
(156, 'A4026', 14, 6),
(157, 'A4027', 14, 6),
(158, 'A4028', 14, 6),
(159, 'A4029', 14, 6),
(160, 'A4030', 14, 6),
(161, 'A5021', 14, 6),
(162, 'A5022', 14, 6),
(163, 'A5023', 14, 6),
(164, 'A5024', 14, 6),
(165, 'A5025', 14, 6),
(166, 'A5026', 14, 6),
(167, 'A5027', 14, 6),
(168, 'A5028', 14, 6),
(169, 'A5029', 14, 6),
(170, 'A5030', 14, 6),
(171, 'A6021', 14, 6),
(172, 'A6022', 14, 6),
(173, 'A6023', 14, 6),
(174, 'A6024', 14, 6),
(175, 'A6025', 14, 6),
(176, 'A6026', 14, 6),
(177, 'A6027', 14, 6),
(178, 'A6028', 14, 6),
(179, 'A6029', 14, 6),
(180, 'A6030', 14, 6),
(181, 'B1001', 15, 6),
(182, 'B1002', 15, 6),
(183, 'B1003', 15, 6),
(184, 'B1004', 15, 6),
(185, 'B1005', 15, 6),
(186, 'B1006', 15, 6),
(187, 'B1007', 15, 6),
(188, 'B1008', 15, 6),
(189, 'B1009', 15, 6),
(190, 'B1010', 15, 6),
(191, 'B1011', 16, 6),
(192, 'B1012', 16, 6),
(193, 'B1013', 16, 6),
(194, 'B1014', 16, 6),
(195, 'B1015', 16, 6),
(196, 'B1016', 16, 6),
(197, 'B1017', 16, 6),
(198, 'B1018', 16, 6),
(199, 'B1019', 16, 6),
(200, 'B1020', 16, 6),
(201, 'B1021', 17, 6),
(202, 'B1022', 17, 6),
(203, 'B1023', 17, 6),
(204, 'B1024', 17, 6),
(205, 'B1025', 17, 6),
(206, 'B1026', 17, 6),
(207, 'B1027', 17, 6),
(208, 'B1028', 17, 6),
(209, 'B1029', 17, 6),
(210, 'B1030', 17, 6),
(211, 'B2001', 15, 6),
(212, 'B2002', 15, 6),
(213, 'B2003', 15, 6),
(214, 'B2004', 15, 6),
(215, 'B2005', 15, 6),
(216, 'B2006', 15, 6),
(217, 'B2007', 15, 6),
(218, 'B2008', 15, 6),
(219, 'B2009', 15, 6),
(220, 'B2010', 15, 6),
(221, 'B2011', 16, 6),
(222, 'B2012', 16, 6),
(223, 'B2013', 16, 6),
(224, 'B2014', 16, 6),
(225, 'B2015', 16, 6),
(226, 'B2016', 16, 6),
(227, 'B2017', 16, 6),
(228, 'B2018', 16, 6),
(229, 'B2019', 16, 6),
(230, 'B2020', 16, 6),
(231, 'B2021', 17, 6),
(232, 'B2022', 17, 6),
(233, 'B2023', 17, 6),
(234, 'B2024', 17, 6),
(235, 'B2025', 17, 6),
(236, 'B2026', 17, 6),
(237, 'B2027', 17, 6),
(238, 'B2028', 17, 6),
(239, 'B2029', 17, 6),
(240, 'B2030', 17, 6),
(241, 'B3001', 15, 6),
(242, 'B3002', 15, 6),
(243, 'B3003', 15, 6),
(244, 'B3004', 15, 6),
(245, 'B3005', 15, 6),
(246, 'B3006', 15, 6),
(247, 'B3007', 15, 6),
(248, 'B3008', 15, 6),
(249, 'B3009', 15, 6),
(250, 'B3010', 15, 6),
(251, 'B3011', 16, 6),
(252, 'B3012', 16, 6),
(253, 'B3013', 16, 6),
(254, 'B3014', 16, 6),
(255, 'B3015', 16, 6),
(256, 'B3016', 16, 6),
(257, 'B3017', 16, 6),
(258, 'B3018', 16, 6),
(259, 'B3019', 16, 6),
(260, 'B3020', 16, 6),
(261, 'B3021', 17, 6),
(262, 'B3022', 17, 6),
(263, 'B3023', 17, 6),
(264, 'B3024', 17, 6),
(265, 'B3025', 17, 6),
(266, 'B3026', 17, 6),
(267, 'B3027', 17, 6),
(268, 'B3028', 17, 6),
(269, 'B3029', 17, 6),
(270, 'B3030', 17, 6),
(271, 'B4001', 15, 6),
(272, 'B4002', 15, 6),
(273, 'B4003', 15, 6),
(274, 'B4004', 15, 6),
(275, 'B4005', 15, 6),
(276, 'B4006', 15, 6),
(277, 'B4007', 15, 6),
(278, 'B4008', 15, 6),
(279, 'B4009', 15, 6),
(280, 'B4010', 15, 6),
(281, 'B4011', 16, 6),
(282, 'B4012', 16, 6),
(283, 'B4013', 16, 6),
(284, 'B4014', 16, 6),
(285, 'B4015', 16, 6),
(286, 'B4016', 16, 6),
(287, 'B4017', 16, 6),
(288, 'B4018', 16, 6),
(289, 'B4019', 16, 6),
(290, 'B4020', 16, 6),
(291, 'B4021', 17, 6),
(292, 'B4022', 17, 6),
(293, 'B4023', 17, 6),
(294, 'B4024', 17, 6),
(295, 'B4025', 17, 6),
(296, 'B4026', 17, 6),
(297, 'B4027', 17, 6),
(298, 'B4028', 17, 6),
(299, 'B4029', 17, 6),
(300, 'B4030', 17, 6),
(301, 'C1001', 18, 4),
(302, 'C1002', 18, 4),
(303, 'C1003', 18, 4),
(304, 'C1004', 18, 4),
(305, 'C1005', 18, 4),
(306, 'C1006', 18, 4),
(307, 'C1007', 18, 4),
(308, 'C1008', 18, 4),
(309, 'C1009', 18, 4),
(310, 'C1010', 18, 4),
(311, 'C1011', 19, 4),
(312, 'C1012', 19, 4),
(313, 'C1013', 19, 4),
(314, 'C1014', 19, 4),
(315, 'C1015', 19, 4),
(316, 'C1016', 19, 4),
(317, 'C1017', 19, 4),
(318, 'C1018', 19, 4),
(319, 'C1019', 19, 4),
(320, 'C1020', 19, 4),
(321, 'C2001', 18, 4),
(322, 'C2002', 18, 4),
(323, 'C2003', 18, 4),
(324, 'C2004', 18, 4),
(325, 'C2005', 18, 4),
(326, 'C2006', 18, 4),
(327, 'C2007', 18, 4),
(328, 'C2008', 18, 4),
(329, 'C2009', 18, 4),
(330, 'C2010', 18, 4),
(331, 'C2011', 19, 4),
(332, 'C2012', 19, 4),
(333, 'C2013', 19, 4),
(334, 'C2014', 19, 4),
(335, 'C2015', 19, 4),
(336, 'C2016', 19, 4),
(337, 'C2017', 19, 4),
(338, 'C2018', 19, 4),
(339, 'C2019', 19, 4),
(340, 'C2020', 19, 4),
(341, 'C3001', 18, 4),
(342, 'C3002', 18, 4),
(343, 'C3003', 18, 4),
(344, 'C3004', 18, 4),
(345, 'C3005', 18, 4),
(346, 'C3006', 18, 4),
(347, 'C3007', 18, 4),
(348, 'C3008', 18, 4),
(349, 'C3009', 18, 4),
(350, 'C3010', 18, 4),
(351, 'C3011', 19, 4),
(352, 'C3012', 19, 4),
(353, 'C3013', 19, 4),
(354, 'C3014', 19, 4),
(355, 'C3015', 19, 4),
(356, 'C3016', 19, 4),
(357, 'C3017', 19, 4),
(358, 'C3018', 19, 4),
(359, 'C3019', 19, 4),
(360, 'C3020', 19, 4),
(361, 'C4001', 18, 4),
(362, 'C4002', 18, 4),
(363, 'C4003', 18, 4),
(364, 'C4004', 18, 4),
(365, 'C4005', 18, 4),
(366, 'C4006', 18, 4),
(367, 'C4007', 18, 4),
(368, 'C4008', 18, 4),
(369, 'C4009', 18, 4),
(370, 'C4010', 18, 4),
(371, 'C4011', 19, 4),
(372, 'C4012', 19, 4),
(373, 'C4013', 19, 4),
(374, 'C4014', 19, 4),
(375, 'C4015', 19, 4),
(376, 'C4016', 19, 4),
(377, 'C4017', 19, 4),
(378, 'C4018', 19, 4),
(379, 'C4019', 19, 4),
(380, 'C4020', 19, 4),
(381, 'C5001', 18, 4),
(382, 'C5002', 18, 4),
(383, 'C5003', 18, 4),
(384, 'C5004', 18, 4),
(385, 'C5005', 18, 4),
(386, 'C5006', 18, 4),
(387, 'C5007', 18, 4),
(388, 'C5008', 18, 4),
(389, 'C5009', 18, 4),
(390, 'C5010', 18, 4),
(391, 'C5011', 19, 4),
(392, 'C5012', 19, 4),
(393, 'C5013', 19, 4),
(394, 'C5014', 19, 4),
(395, 'C5015', 19, 4),
(396, 'C5016', 19, 4),
(397, 'C5017', 19, 4),
(398, 'C5018', 19, 4),
(399, 'C5019', 19, 4),
(400, 'C5020', 19, 4);

-- --------------------------------------------------------

--
-- 表的结构 `score`
--

CREATE TABLE IF NOT EXISTS `score` (
  `id` bigint NOT NULL,
  `room_id` bigint NOT NULL,
  `global_score` decimal(5,2) DEFAULT NULL,
  `building_score` decimal(5,2) DEFAULT NULL,
  `bed_score` decimal(5,2) DEFAULT NULL,
  `indoor_score` decimal(5,2) DEFAULT NULL,
  `rater_id` int DEFAULT NULL,
  `rated_at` datetime DEFAULT CURRENT_TIMESTAMP
) ENGINE=InnoDB AUTO_INCREMENT=17 DEFAULT CHARSET=utf8mb4 COLLATE=utf8mb4_0900_ai_ci ROW_FORMAT=DYNAMIC;

--
-- 转存表中的数据 `score`
--

INSERT INTO `score` (`id`, `room_id`, `global_score`, `building_score`, `bed_score`, `indoor_score`, `rater_id`, `rated_at`) VALUES
(1, 1, '4.00', '7.00', '7.00', '6.00', NULL, '2025-05-31 12:53:32'),
(2, 13, '9.00', '9.00', '8.00', '8.00', NULL, '2025-04-15 10:51:20'),
(3, 61, '5.00', '5.00', '5.00', '5.00', NULL, '2025-04-02 22:16:06'),
(4, 2, '5.00', '5.00', '5.00', '6.00', NULL, '2025-04-02 12:08:12'),
(5, 46, '1.00', '9.00', '8.00', '6.00', NULL, '2025-04-10 20:30:10'),
(6, 191, '4.00', '4.00', '5.00', '4.00', NULL, '2025-04-03 08:44:45'),
(7, 28, '5.00', '4.00', '2.00', '3.00', NULL, '2025-04-02 16:09:11'),
(8, 6, '10.00', '10.00', '10.00', '10.00', NULL, '2025-04-28 19:20:19'),
(9, 121, '5.00', '5.00', '4.00', '3.00', NULL, '2025-04-02 22:24:46'),
(10, 60, '1.00', '1.00', '1.00', '1.00', NULL, '2025-04-03 08:55:50'),
(11, 76, '8.00', '8.00', '7.00', '6.00', NULL, '2025-04-03 09:49:21'),
(12, 301, '3.00', '3.00', '3.00', '2.00', NULL, '2025-04-03 09:50:12'),
(14, 3, '10.00', '10.00', '10.00', '10.00', NULL, '2025-04-27 21:23:50'),
(15, 63, '10.00', '10.00', '10.00', '10.00', NULL, '2025-04-27 21:22:54'),
(16, 4, '10.00', '10.00', '10.00', '10.00', NULL, '2025-04-28 19:19:07');

-- --------------------------------------------------------

--
-- 表的结构 `score_image`
--

CREATE TABLE IF NOT EXISTS `score_image` (
  `id` bigint NOT NULL,
  `score_id` bigint NOT NULL COMMENT '关联评分ID',
  `file_name` varchar(255) CHARACTER SET utf8mb4 COLLATE utf8mb4_0900_ai_ci NOT NULL COMMENT '存储文件名',
  `original_name` varchar(255) CHARACTER SET utf8mb4 COLLATE utf8mb4_0900_ai_ci NOT NULL COMMENT '原始文件名',
  `create_time` datetime DEFAULT CURRENT_TIMESTAMP,
  `md5` varchar(255) CHARACTER SET utf8mb4 COLLATE utf8mb4_0900_ai_ci NOT NULL
) ENGINE=InnoDB AUTO_INCREMENT=18 DEFAULT CHARSET=utf8mb4 COLLATE=utf8mb4_0900_ai_ci ROW_FORMAT=DYNAMIC;

--
-- 转存表中的数据 `score_image`
--

INSERT INTO `score_image` (`id`, `score_id`, `file_name`, `original_name`, `create_time`, `md5`) VALUES
(15, 15, '67fc8eae-abbe-40cf-ad3c-d276ed8a30b3_宿舍.jpg', '宿舍.jpg', '2025-04-27 21:21:56', '53A7E2C48DD7F378C042385B5FDA2D5E'),
(16, 14, '70c3d87c-454e-4a21-a0ef-cbca3d7364af_宿舍2.jpg', '宿舍2.jpg', '2025-04-27 21:23:50', '4DD0F286AEB9DC4D311E657C90BE7D51'),
(17, 8, '416cc0b2-e822-44db-bcbb-d62f7594e09f_宿舍3.jpg', '宿舍3.jpg', '2025-04-28 19:20:19', '9ABBA4A0336AD036A7263BCF19A8AD80');

-- --------------------------------------------------------

--
-- 表的结构 `student`
--

CREATE TABLE IF NOT EXISTS `student` (
  `id` bigint NOT NULL,
  `name` varchar(5) CHARACTER SET utf8 COLLATE utf8_general_ci DEFAULT NULL,
  `room_id` bigint DEFAULT NULL,
  `faculty_id` bigint DEFAULT NULL,
  `number` varchar(20) CHARACTER SET utf8 COLLATE utf8_general_ci DEFAULT NULL,
  `registration_date` date DEFAULT NULL,
  `phone` varchar(20) CHARACTER SET utf8 COLLATE utf8_general_ci DEFAULT NULL,
  `photo` varchar(255) CHARACTER SET utf8 COLLATE utf8_general_ci DEFAULT NULL,
  `is_leave` tinyint(1) DEFAULT '0',
  `is_delete` tinyint(1) DEFAULT '0'
) ENGINE=InnoDB AUTO_INCREMENT=4286 DEFAULT CHARSET=utf8mb3 ROW_FORMAT=DYNAMIC;

--
-- 转存表中的数据 `student`
--

INSERT INTO `student` (`id`, `name`, `room_id`, `faculty_id`, `number`, `registration_date`, `phone`, `photo`, `is_leave`, `is_delete`) VALUES
(3286, '李雅琳', 1, 10, '22159649273', '2024-09-01', '18093795224', NULL, 0, 0),
(3287, '孙鹏', 1, 39, '24879642940', '2023-09-01', '18068638599', NULL, 0, 0),
(3288, '周浩', 1, 16, '22972701928', '2023-09-01', '18045947218', NULL, 0, 0),
(3289, '华萌', 1, 15, '24427959377', '2024-09-01', '18041261673', NULL, 0, 0),
(3290, '陈哲', 2, 40, '24088398193', '2023-09-01', '18024690707', NULL, 0, 0),
(3291, '尤强', 2, 31, '24985073862', '2024-09-01', '18069847414', NULL, 0, 0),
(3292, '施欣', 2, 20, '22858394964', '2024-09-01', '18087144251', NULL, 0, 0),
(3293, '姜鹏', 2, 34, '23759517451', '2024-09-01', '18062224322', NULL, 0, 0),
(3294, '吴涛文', 3, 11, '23567462761', '2024-09-01', '18088968839', NULL, 0, 0),
(3295, '秦宁', 3, 35, '24869574101', '2024-09-01', '18099892425', NULL, 0, 0),
(3296, '孔文杰', 3, 39, '24150249011', '2024-09-01', '18090447796', NULL, 0, 0),
(3297, '陈倩', 3, 20, '22836689784', '2023-09-01', '18042259972', NULL, 0, 0),
(3298, '姜磊', 4, 10, '23030090975', '2024-09-01', '18044785039', NULL, 0, 0),
(3299, '陈萌', 4, 18, '22513878738', '2023-09-01', '18033726645', NULL, 0, 0),
(3300, '施杰', 4, 40, '22153913755', '2022-09-01', '18086562128', NULL, 0, 0),
(3301, '郑翔', 4, 36, '23984090455', '2023-09-01', '18075440811', NULL, 0, 0),
(3302, '秦昊琳', 5, 36, '24654891912', '2024-09-01', '18035019528', NULL, 0, 0),
(3303, '尤琦', 5, 39, '22406834456', '2023-09-01', '18077997831', NULL, 0, 0),
(3304, '沈超', 5, 23, '23867491560', '2024-09-01', '18013025404', NULL, 0, 0),
(3305, '沈强', 5, 18, '22513092941', '2023-09-01', '18027819112', NULL, 0, 0),
(3306, '吕睿雅', 6, 12, '22909296468', '2023-09-01', '18028344973', NULL, 0, 0),
(3307, '冯磊超', 6, 36, '24315597239', '2024-09-01', '18015652875', NULL, 0, 0),
(3308, '吕欣萌', 6, 40, '23317218005', '2024-09-01', '18061381775', NULL, 0, 0),
(3309, '杨磊', 6, 15, '24321270817', '2022-09-01', '18028858591', NULL, 0, 0),
(3310, '何伟', 7, 20, '23677462406', '2022-09-01', '18045146286', NULL, 0, 0),
(3311, '王旭', 7, 41, '24167185092', '2023-09-01', '18043920613', NULL, 0, 0),
(3312, '蒋宁', 7, 36, '24465926287', '2023-09-01', '18081076931', NULL, 0, 0),
(3313, '陈俊', 7, 23, '22667794762', '2022-09-01', '18003974611', NULL, 0, 0),
(3314, '孙睿', 8, 34, '22724113556', '2022-09-01', '18062377279', NULL, 0, 0),
(3315, '严杰', 8, 35, '24112505369', '2022-09-01', '18091431661', NULL, 0, 0),
(3316, '华刚', 8, 36, '23560912168', '2024-09-01', '18091595107', NULL, 0, 0),
(3317, '施翔', 8, 23, '24066919266', '2022-09-01', '18064898495', NULL, 0, 0),
(3318, '吕雅', 9, 10, '24737848905', '2024-09-01', '18077607609', NULL, 0, 0),
(3319, '李倩', 9, 16, '23147936931', '2023-09-01', '18083895680', NULL, 0, 0),
(3320, '李文博', 9, 34, '24984696081', '2024-09-01', '18076456378', NULL, 0, 0),
(3321, '孔睿涛', 9, 16, '24158906194', '2023-09-01', '18073647798', NULL, 0, 0),
(3322, '孔倩俊', 10, 34, '24416070930', '2023-09-01', '18090900007', NULL, 0, 0),
(3323, '施琦', 10, 36, '23652877445', '2023-09-01', '18070033920', NULL, 0, 0),
(3324, '卫涛伟', 10, 20, '24267375337', '2022-09-01', '18062182158', NULL, 0, 0),
(3325, '许旭杰', 10, 20, '24307835378', '2024-09-01', '18027299784', NULL, 0, 0),
(3326, '韩琳', 11, 36, '22300046832', '2022-09-01', '18001840050', NULL, 0, 0),
(3327, '孔翔磊', 11, 36, '23974928641', '2024-09-01', '18052222102', NULL, 0, 0),
(3328, '孔琳鹏', 11, 16, '24674381379', '2024-09-01', '18086253736', NULL, 0, 0),
(3329, '华翔', 11, 22, '22125194211', '2022-09-01', '18026828355', NULL, 0, 0),
(3330, '李宁', 12, 22, '23940268876', '2022-09-01', '18067138662', NULL, 0, 0),
(3331, '秦昊', 12, 36, '23509298847', '2024-09-01', '18082620842', NULL, 0, 0),
(3332, '孙文', 12, 40, '23423249041', '2022-09-01', '18092099928', NULL, 0, 0),
(3333, '陶强', 12, 23, '23704674673', '2023-09-01', '18074485209', NULL, 0, 0),
(3334, '赵磊涛', 13, 12, '24645756055', '2024-09-01', '18015023347', NULL, 0, 0),
(3335, '卫萌', 13, 34, '23120440945', '2024-09-01', '18052703504', NULL, 0, 0),
(3336, '朱伟', 13, 23, '23179906179', '2024-09-01', '18075633558', NULL, 0, 0),
(3337, '卫涛杰', 13, 36, '24675394456', '2024-09-01', '18080252913', NULL, 0, 0),
(3338, '金洋雅', 14, 39, '24542528911', '2022-09-01', '18065221744', NULL, 0, 0),
(3339, '陶哲', 14, 23, '22979590614', '2022-09-01', '18016178127', NULL, 0, 0),
(3340, '张欣博', 14, 35, '22225955326', '2022-09-01', '18083385560', NULL, 0, 0),
(3341, '何涛', 14, 39, '24311590412', '2023-09-01', '18007873837', NULL, 0, 0),
(3342, '吴琳', 15, 19, '24411712994', '2022-09-01', '18091437664', NULL, 0, 0),
(3343, '孔萌', 15, 16, '24775462235', '2022-09-01', '18040260066', NULL, 0, 0),
(3344, '许涛', 15, 10, '24823429731', '2022-09-01', '18056085215', NULL, 0, 0),
(3345, '褚俊雅', 15, 22, '23999132979', '2023-09-01', '18072762152', NULL, 0, 0),
(3346, '赵杰', 16, 34, '23150127682', '2024-09-01', '18086305723', NULL, 0, 0),
(3347, '钱宁', 16, 31, '22380463943', '2022-09-01', '18007151150', NULL, 0, 0),
(3348, '郑翔博', 16, 35, '23840918396', '2022-09-01', '18079440990', NULL, 0, 0),
(3349, '杨萌', 16, 22, '24752814919', '2022-09-01', '18009382860', NULL, 0, 0),
(3350, '钱杰', 17, 34, '24752279837', '2023-09-01', '18053314644', NULL, 0, 0),
(3351, '李俊', 17, 23, '24915929588', '2023-09-01', '18099101021', NULL, 0, 0),
(3352, '曹浩琦', 17, 15, '23181612223', '2022-09-01', '18091462522', NULL, 0, 0),
(3353, '王刚旭', 17, 31, '23113228692', '2023-09-01', '18096767996', NULL, 0, 0),
(3354, '褚俊', 18, 15, '23262468103', '2022-09-01', '18041214309', NULL, 0, 0),
(3355, '沈欣', 18, 20, '23714389433', '2023-09-01', '18001081984', NULL, 0, 0),
(3356, '施哲磊', 18, 32, '24190269690', '2023-09-01', '18014346492', NULL, 0, 0),
(3357, '钱哲', 18, 22, '22759682692', '2024-09-01', '18054904383', NULL, 0, 0),
(3358, '沈博', 19, 38, '23553698408', '2024-09-01', '18025552412', NULL, 0, 0),
(3359, '秦萌', 19, 20, '22625434929', '2023-09-01', '18012088546', NULL, 0, 0),
(3360, '尤伟', 19, 11, '22425013463', '2024-09-01', '18059258117', NULL, 0, 0),
(3361, '沈磊', 19, 12, '23381106357', '2024-09-01', '18014082000', NULL, 0, 0),
(3362, '张昊', 20, 40, '23273382253', '2023-09-01', '18007316959', NULL, 0, 0),
(3363, '李磊', 20, 22, '24426688085', '2022-09-01', '18017839858', NULL, 0, 0),
(3364, '赵宁琦', 20, 10, '23754532121', '2022-09-01', '18012088450', NULL, 0, 0),
(3365, '姜睿', 20, 35, '24757984684', '2024-09-01', '18082654939', NULL, 0, 0),
(3366, '韩伟', 21, 39, '22634085933', '2023-09-01', '18031169665', NULL, 0, 0),
(3367, '孔倩', 21, 38, '24576691570', '2023-09-01', '18082590477', NULL, 0, 0),
(3368, '陈倩强', 21, 12, '22180851440', '2023-09-01', '18048502549', NULL, 0, 0),
(3369, '尤伟宁', 21, 40, '24743327535', '2022-09-01', '18077650285', NULL, 0, 0),
(3370, '杨文', 22, 35, '22736723142', '2022-09-01', '18037240766', NULL, 0, 0),
(3371, '蒋琳', 22, 12, '24105641955', '2024-09-01', '18076359771', NULL, 0, 0),
(3372, '许磊', 22, 35, '24016288313', '2023-09-01', '18090399346', NULL, 0, 0),
(3373, '陈杰', 22, 31, '23711400547', '2023-09-01', '18074840975', NULL, 0, 0),
(3374, '赵涛强', 23, 20, '23016545803', '2022-09-01', '18076894693', NULL, 0, 0),
(3375, '金文', 23, 34, '23875665718', '2022-09-01', '18085664509', NULL, 0, 0),
(3376, '严文', 23, 18, '24021153779', '2024-09-01', '18078322248', NULL, 0, 0),
(3377, '曹俊涛', 23, 31, '22903711816', '2022-09-01', '18024372665', NULL, 0, 0),
(3378, '陶哲雅', 24, 39, '22322684817', '2022-09-01', '18023316106', NULL, 0, 0),
(3379, '朱伟', 24, 20, '22206735915', '2024-09-01', '18044452687', NULL, 0, 0),
(3380, '杨倩琳', 24, 39, '22857217233', '2023-09-01', '18041494526', NULL, 0, 0),
(3381, '许倩文', 24, 23, '22102495072', '2022-09-01', '18025421021', NULL, 0, 0),
(3382, '张旭', 25, 40, '23938049288', '2022-09-01', '18032066759', NULL, 0, 0),
(3383, '何旭', 25, 35, '23468879912', '2024-09-01', '18033117639', NULL, 0, 0),
(3384, '孔文', 25, 15, '22595578722', '2022-09-01', '18042636893', NULL, 0, 0),
(3385, '王萌文', 25, 23, '22757236851', '2024-09-01', '18066987257', NULL, 0, 0),
(3386, '华强萌', 26, 34, '22765182132', '2023-09-01', '18040813230', NULL, 0, 0),
(3387, '华浩浩', 26, 10, '22557954345', '2023-09-01', '18059178518', NULL, 0, 0),
(3388, '尤文', 26, 38, '23835587832', '2024-09-01', '18064023531', NULL, 0, 0),
(3389, '褚昊鹏', 26, 40, '23188893375', '2024-09-01', '18027806998', NULL, 0, 0),
(3390, '金萌', 27, 40, '24442182291', '2024-09-01', '18007589285', NULL, 0, 0),
(3391, '吕磊', 27, 18, '24648965747', '2022-09-01', '18081270619', NULL, 0, 0),
(3392, '孔萌', 27, 11, '22399992208', '2023-09-01', '18090011046', NULL, 0, 0),
(3393, '曹博', 27, 12, '24499107955', '2023-09-01', '18041647495', NULL, 0, 0),
(3394, '褚倩', 28, 16, '24944651319', '2024-09-01', '18003753181', NULL, 0, 0),
(3395, '陶超', 28, 22, '24318802581', '2023-09-01', '18099601754', NULL, 0, 0),
(3396, '钱昊', 28, 12, '23938955757', '2023-09-01', '18088217254', NULL, 0, 0),
(3397, '曹浩昊', 28, 18, '23540767412', '2022-09-01', '18058634084', NULL, 0, 0),
(3398, '施磊', 29, 38, '23418383530', '2023-09-01', '18073482863', NULL, 0, 0),
(3399, '杨俊', 29, 38, '24760274318', '2022-09-01', '18094754152', NULL, 0, 0),
(3400, '赵旭', 29, 15, '23282534153', '2022-09-01', '18048534796', NULL, 0, 0),
(3401, '孔倩', 29, 10, '23843654440', '2022-09-01', '18076289254', NULL, 0, 0),
(3402, '吕萌', 30, 11, '22851039754', '2023-09-01', '18067604958', NULL, 0, 0),
(3403, '魏文', 30, 11, '22896515700', '2024-09-01', '18028416496', NULL, 0, 0),
(3404, '赵杰', 30, 23, '22084445876', '2022-09-01', '18014459904', NULL, 0, 0),
(3405, '尤雅', 30, 31, '24857878035', '2023-09-01', '18042912961', NULL, 0, 0),
(3406, '魏磊杰', 31, 23, '24423190340', '2022-09-01', '18034630566', NULL, 0, 0),
(3407, '金浩', 31, 10, '23436163634', '2023-09-01', '18084720092', NULL, 0, 0),
(3408, '魏萌昊', 31, 34, '23700154307', '2024-09-01', '18061670597', NULL, 0, 0),
(3409, '吕强', 31, 34, '24930544392', '2024-09-01', '18098808565', NULL, 0, 0),
(3410, '魏超', 32, 15, '22772402691', '2024-09-01', '18002067318', NULL, 0, 0),
(3411, '冯旭欣', 32, 40, '23687959769', '2024-09-01', '18066731787', NULL, 0, 0),
(3412, '韩欣倩', 32, 19, '23809949728', '2024-09-01', '18009997126', NULL, 0, 0),
(3413, '朱旭昊', 32, 39, '23492576994', '2023-09-01', '18066506868', NULL, 0, 0),
(3414, '郑旭鹏', 33, 15, '23151255780', '2022-09-01', '18026675735', NULL, 0, 0),
(3415, '王刚', 33, 11, '24600868851', '2024-09-01', '18086921463', NULL, 0, 0),
(3416, '蒋刚', 33, 23, '24457308435', '2024-09-01', '18012797200', NULL, 0, 0),
(3417, '卫翔昊', 33, 32, '24076852073', '2022-09-01', '18082284844', NULL, 0, 0),
(3418, '陈浩', 34, 31, '23427047575', '2022-09-01', '18027156050', NULL, 0, 0),
(3419, '张睿', 34, 16, '22997607548', '2023-09-01', '18077680479', NULL, 0, 0),
(3420, '吕涛', 34, 39, '23274353556', '2022-09-01', '18024301822', NULL, 0, 0),
(3421, '孙涛', 34, 10, '22226400036', '2024-09-01', '18010773777', NULL, 0, 0),
(3422, '钱涛', 35, 32, '23442807179', '2024-09-01', '18092686430', NULL, 0, 0),
(3423, '陈超', 35, 32, '24825063741', '2024-09-01', '18014853529', NULL, 0, 0),
(3424, '朱倩', 35, 15, '22023044108', '2022-09-01', '18073439870', NULL, 0, 0),
(3425, '吴刚', 35, 40, '24613221171', '2022-09-01', '18041173218', NULL, 0, 0),
(3426, '郑翔', 36, 12, '23757952112', '2023-09-01', '18098257002', NULL, 0, 0),
(3427, '张涛', 36, 39, '22015566480', '2022-09-01', '18036810615', NULL, 0, 0),
(3428, '施旭', 36, 34, '22419592023', '2024-09-01', '18007157898', NULL, 0, 0),
(3429, '秦涛雅', 36, 34, '22384312031', '2022-09-01', '18030096547', NULL, 0, 0),
(3430, '冯超', 37, 39, '23929202459', '2022-09-01', '18065275715', NULL, 0, 0),
(3431, '冯杰', 37, 36, '22347981786', '2022-09-01', '18052320102', NULL, 0, 0),
(3432, '华超', 37, 36, '23555842744', '2022-09-01', '18055574131', NULL, 0, 0),
(3433, '朱杰', 37, 15, '22436928229', '2023-09-01', '18045210426', NULL, 0, 0),
(3434, '孔倩杰', 38, 20, '22018641346', '2023-09-01', '18079038862', NULL, 0, 0),
(3435, '沈杰倩', 38, 39, '24905370301', '2024-09-01', '18045313428', NULL, 0, 0),
(3436, '孙哲', 38, 41, '24967243676', '2024-09-01', '18065018067', NULL, 0, 0),
(3437, '姜博刚', 38, 10, '23561803627', '2022-09-01', '18048502780', NULL, 0, 0),
(3438, '孔翔', 39, 20, '24900458103', '2022-09-01', '18063102884', NULL, 0, 0),
(3439, '卫睿俊', 39, 31, '23768085120', '2023-09-01', '18038977870', NULL, 0, 0),
(3440, '韩杰博', 39, 40, '22885750680', '2022-09-01', '18045653226', NULL, 0, 0),
(3441, '陶宁', 39, 10, '22620661376', '2024-09-01', '18061407128', NULL, 0, 0),
(3442, '郑俊', 40, 12, '22115866351', '2023-09-01', '18090012234', NULL, 0, 0),
(3443, '李博', 40, 35, '23389318250', '2023-09-01', '18000599430', NULL, 0, 0),
(3444, '何刚', 40, 10, '23779000680', '2022-09-01', '18032848067', NULL, 0, 0),
(3445, '张超', 40, 18, '24664217693', '2023-09-01', '18094638281', NULL, 0, 0),
(3446, '钱超文', 41, 16, '24755266141', '2022-09-01', '18003012881', NULL, 0, 0),
(3447, '沈欣文', 41, 15, '24343430272', '2024-09-01', '18076013739', NULL, 0, 0),
(3448, '秦俊', 41, 31, '24814828161', '2023-09-01', '18053602362', NULL, 0, 0),
(3449, '秦翔', 41, 40, '23219817778', '2024-09-01', '18082539397', NULL, 0, 0),
(3450, '吕浩琳', 42, 22, '22430796366', '2024-09-01', '18029307446', NULL, 0, 0),
(3451, '秦睿', 42, 22, '24589655348', '2023-09-01', '18028826785', NULL, 0, 0),
(3452, '孙文', 42, 23, '22654155042', '2023-09-01', '18087478449', NULL, 0, 0),
(3453, '李萌', 42, 18, '22353601324', '2023-09-01', '18090539813', NULL, 0, 0),
(3454, '钱琳', 43, 34, '22513091266', '2024-09-01', '18003593442', NULL, 0, 0),
(3455, '赵洋', 43, 10, '24000382166', '2023-09-01', '18070860952', NULL, 0, 0),
(3456, '韩强', 43, 35, '23289043103', '2022-09-01', '18017107640', NULL, 0, 0),
(3457, '褚洋翔', 43, 39, '22832805225', '2022-09-01', '18082295871', NULL, 0, 0),
(3458, '陶哲', 44, 36, '23447378191', '2023-09-01', '18071074014', NULL, 0, 0),
(3459, '许文', 44, 11, '22190394221', '2022-09-01', '18074659770', NULL, 0, 0),
(3460, '张洋', 44, 41, '23881851209', '2023-09-01', '18013568248', NULL, 0, 0),
(3461, '姜萌', 44, 12, '22912546092', '2024-09-01', '18028078645', NULL, 1, 0),
(3462, '韩伟', 45, 32, '24235882842', '2022-09-01', '18024973262', NULL, 0, 0),
(3463, '严磊', 45, 22, '23855313267', '2023-09-01', '18019110424', NULL, 0, 0),
(3464, '李萌', 45, 41, '23171435930', '2024-09-01', '18027679536', NULL, 0, 0),
(3465, '金博琳', 45, 23, '23897724144', '2022-09-01', '18038597293', NULL, 0, 0),
(3466, '许磊博', 46, 38, '22914646126', '2024-09-01', '18019048507', NULL, 0, 0),
(3467, '冯琳欣', 46, 10, '23473253688', '2024-09-01', '18054704385', NULL, 0, 0),
(3468, '尤萌磊', 46, 34, '22165863951', '2022-09-01', '18017453888', NULL, 0, 0),
(3469, '吴洋', 46, 23, '24821230370', '2022-09-01', '18099273322', NULL, 0, 0),
(3470, '施浩睿', 47, 23, '24468214087', '2024-09-01', '18034685517', NULL, 0, 0),
(3471, '陈倩', 47, 18, '23451520922', '2022-09-01', '18001778847', NULL, 0, 0),
(3472, '何昊', 47, 18, '22328667762', '2024-09-01', '18078249311', NULL, 0, 0),
(3473, '赵琦', 47, 40, '24735664849', '2024-09-01', '18073649718', NULL, 0, 0),
(3474, '陶俊浩', 48, 11, '24714885759', '2022-09-01', '18007973292', NULL, 0, 0),
(3475, '蒋浩', 48, 32, '23980546117', '2022-09-01', '18011692606', NULL, 0, 0),
(3476, '华琳浩', 48, 41, '24095198759', '2022-09-01', '18084876839', NULL, 0, 0),
(3477, '华旭', 48, 40, '22010520203', '2023-09-01', '18002410092', NULL, 0, 0),
(3478, '郑旭博', 49, 40, '23248596077', '2024-09-01', '18024672489', NULL, 0, 0),
(3479, '魏浩', 49, 32, '23692874791', '2022-09-01', '18093208878', NULL, 0, 0),
(3480, '魏哲昊', 49, 10, '22120136304', '2024-09-01', '18008601340', NULL, 0, 0),
(3481, '蒋宁翔', 49, 20, '22108648294', '2023-09-01', '18068708298', NULL, 0, 0),
(3482, '华强', 50, 34, '22921943318', '2022-09-01', '18071065056', NULL, 0, 0),
(3483, '蒋睿琦', 50, 32, '23336563698', '2023-09-01', '18081354858', NULL, 0, 0),
(3484, '曹磊博', 50, 16, '23700809074', '2022-09-01', '18025746719', NULL, 0, 0),
(3485, '赵哲杰', 50, 11, '24207469498', '2023-09-01', '18008308530', NULL, 0, 0),
(3486, '冯伟翔', 51, 12, '23027318803', '2024-09-01', '18043396330', NULL, 0, 0),
(3487, '严涛', 51, 10, '22415994772', '2022-09-01', '18089059123', NULL, 0, 0),
(3488, '周杰', 51, 12, '24201514130', '2022-09-01', '18069278591', NULL, 0, 0),
(3489, '孔磊杰', 51, 20, '23480272735', '2024-09-01', '18035505007', NULL, 0, 0),
(3490, '严博', 52, 41, '24084927165', '2022-09-01', '18088585992', NULL, 0, 0),
(3491, '蒋涛', 52, 31, '24541463789', '2022-09-01', '18052714593', NULL, 0, 0),
(3492, '吴超磊', 52, 11, '23059056527', '2024-09-01', '18024003652', NULL, 0, 0),
(3493, '卫强旭', 52, 31, '22778081521', '2023-09-01', '18093181619', NULL, 0, 0),
(3494, '金伟俊', 53, 11, '24330714152', '2023-09-01', '18075822439', NULL, 0, 0),
(3495, '沈睿', 53, 19, '23221615327', '2024-09-01', '18011309880', NULL, 0, 0),
(3496, '郑伟', 53, 18, '24497317612', '2024-09-01', '18002779433', NULL, 0, 0),
(3497, '蒋欣', 53, 10, '24436316218', '2022-09-01', '18084635359', NULL, 0, 0),
(3498, '何哲涛', 54, 36, '22279517858', '2022-09-01', '18058727644', NULL, 0, 0),
(3499, '华雅', 54, 20, '24485669323', '2023-09-01', '18069600723', NULL, 0, 0),
(3500, '韩强', 54, 22, '24953667893', '2024-09-01', '18096906661', NULL, 0, 0),
(3501, '孔睿涛', 54, 38, '22636988871', '2023-09-01', '18065503837', NULL, 0, 0),
(3502, '吕洋博', 55, 41, '22487699246', '2023-09-01', '18060734774', NULL, 0, 0),
(3503, '华涛', 55, 18, '24894781753', '2022-09-01', '18033208787', NULL, 0, 0),
(3504, '张磊鹏', 55, 18, '24999727338', '2022-09-01', '18017055853', NULL, 0, 0),
(3505, '韩倩', 55, 38, '24554560933', '2023-09-01', '18020346186', NULL, 0, 0),
(3506, '王超宁', 56, 36, '24538365219', '2023-09-01', '18027663191', NULL, 0, 0),
(3507, '陶浩', 56, 40, '23434429618', '2022-09-01', '18074777800', NULL, 0, 0),
(3508, '魏刚', 56, 40, '23996634099', '2024-09-01', '18056214997', NULL, 0, 0),
(3509, '冯文雅', 56, 36, '22874608970', '2023-09-01', '18058479529', NULL, 0, 0),
(3510, '王文', 57, 34, '23998290663', '2024-09-01', '18002567865', NULL, 0, 0),
(3511, '华洋', 57, 12, '22635050598', '2023-09-01', '18008896803', NULL, 0, 0),
(3512, '孔宁', 57, 31, '23127900518', '2023-09-01', '18023775987', NULL, 0, 0),
(3513, '郑萌琳', 57, 15, '24391585855', '2024-09-01', '18076472380', NULL, 0, 0),
(3514, '钱睿', 58, 19, '23798286167', '2022-09-01', '18026514900', NULL, 0, 0),
(3515, '吴雅', 58, 11, '22330458353', '2024-09-01', '18053149275', NULL, 0, 0),
(3516, '韩涛', 58, 19, '24690038808', '2023-09-01', '18001239388', NULL, 0, 0),
(3517, '钱文', 58, 19, '23868261076', '2023-09-01', '18023572696', NULL, 0, 0),
(3518, '孔杰琳', 59, 23, '22153486848', '2023-09-01', '18021218181', NULL, 0, 0),
(3519, '赵洋昊', 59, 34, '24781186437', '2022-09-01', '18079622518', NULL, 0, 0),
(3520, '严伟翔', 59, 10, '24814522666', '2022-09-01', '18007248441', NULL, 0, 0),
(3521, '陈雅', 59, 19, '23925077339', '2024-09-01', '18060478793', NULL, 0, 0),
(3522, '张昊', 60, 15, '22967947252', '2024-09-01', '18078878698', NULL, 0, 0),
(3523, '陈博', 60, 22, '22314489673', '2022-09-01', '18074490362', NULL, 0, 0),
(3524, '陈哲', 60, 38, '23572134346', '2023-09-01', '18031139822', NULL, 0, 0),
(3525, '周博', 60, 16, '24950809111', '2023-09-01', '18082615286', NULL, 0, 0),
(3526, '杨倩俊', 61, 39, '22884338255', '2023-09-01', '18087578760', NULL, 0, 0),
(3527, '曹倩', 61, 41, '23487473645', '2022-09-01', '18065146030', NULL, 0, 0),
(3528, '华萌', 61, 40, '24344642103', '2022-09-01', '18007059009', NULL, 0, 0),
(3529, '沈涛', 61, 31, '23036126591', '2023-09-01', '18050378000', NULL, 0, 0),
(3530, '许睿文', 62, 38, '24133129736', '2023-09-01', '18096086047', NULL, 0, 0),
(3531, '孔鹏', 62, 35, '24722703445', '2022-09-01', '18036020502', NULL, 0, 0),
(3532, '杨琦', 62, 32, '22262913390', '2024-09-01', '18069662880', NULL, 0, 0),
(3533, '朱伟', 62, 36, '24033968990', '2023-09-01', '18056489522', NULL, 0, 0),
(3534, '许涛', 63, 15, '22467718564', '2022-09-01', '18012946177', NULL, 0, 0),
(3535, '施博', 63, 10, '24347760497', '2022-09-01', '18052349881', NULL, 0, 0),
(3536, '张昊洋', 63, 36, '23523962335', '2023-09-01', '18010630976', NULL, 0, 0),
(3537, '何杰', 63, 38, '24468484645', '2022-09-01', '18061588358', NULL, 0, 0),
(3538, '金哲', 64, 36, '23972737318', '2023-09-01', '18073282999', NULL, 0, 0),
(3539, '杨浩', 64, 18, '22454498216', '2023-09-01', '18097213160', NULL, 0, 0),
(3540, '施超', 64, 18, '23469662036', '2024-09-01', '18027654244', NULL, 0, 0),
(3541, '何睿', 64, 22, '23677680494', '2023-09-01', '18001991768', NULL, 0, 0),
(3542, '韩琦', 65, 39, '24702587305', '2024-09-01', '18070762029', NULL, 0, 0),
(3543, '严旭', 65, 32, '22041924043', '2024-09-01', '18022748250', NULL, 0, 0),
(3544, '韩睿', 65, 16, '23136775069', '2023-09-01', '18054727307', NULL, 0, 0),
(3545, '尤洋', 65, 15, '24666111431', '2024-09-01', '18007825637', NULL, 0, 0),
(3546, '姜文旭', 66, 19, '24545577216', '2024-09-01', '18029833886', NULL, 0, 0),
(3547, '周鹏', 66, 36, '23336339710', '2022-09-01', '18071116379', NULL, 0, 0),
(3548, '孙强琳', 66, 12, '23444449120', '2023-09-01', '18009332118', NULL, 0, 0),
(3549, '蒋旭', 66, 12, '24222493028', '2022-09-01', '18093024975', NULL, 0, 0),
(3550, '褚洋', 67, 32, '23916179262', '2024-09-01', '18089923754', NULL, 0, 0),
(3551, '韩哲', 67, 19, '24802773685', '2022-09-01', '18036310175', NULL, 0, 0),
(3552, '严磊昊', 67, 19, '23230272650', '2022-09-01', '18047204321', NULL, 0, 0),
(3553, '朱涛', 67, 38, '22644076390', '2022-09-01', '18084583469', NULL, 0, 0),
(3554, '金刚', 68, 18, '24446174315', '2024-09-01', '18004167858', NULL, 0, 0),
(3555, '金哲', 68, 18, '23927658010', '2023-09-01', '18017166360', NULL, 0, 0),
(3556, '曹文强', 68, 34, '22714318256', '2022-09-01', '18053153144', NULL, 0, 0),
(3557, '吕睿', 68, 15, '22001625060', '2022-09-01', '18034550329', NULL, 0, 0),
(3558, '严睿', 69, 34, '22764257685', '2023-09-01', '18044860701', NULL, 0, 0),
(3559, '魏昊', 69, 16, '24676238774', '2023-09-01', '18078596622', NULL, 0, 0),
(3560, '金萌旭', 69, 35, '22616942802', '2023-09-01', '18031880949', NULL, 0, 0),
(3561, '陈磊', 69, 36, '24490224965', '2023-09-01', '18049540156', NULL, 0, 0),
(3562, '钱洋', 70, 40, '23072920271', '2023-09-01', '18097664175', NULL, 0, 0),
(3563, '韩欣俊', 70, 32, '24199818144', '2023-09-01', '18012281250', NULL, 0, 0),
(3564, '褚涛', 70, 40, '24817133882', '2023-09-01', '18039891043', NULL, 0, 0),
(3565, '周琳', 70, 35, '24082373021', '2024-09-01', '18023253721', NULL, 0, 0),
(3566, '魏睿欣', 71, 35, '24785045265', '2023-09-01', '18042151221', NULL, 0, 0),
(3567, '蒋洋', 71, 23, '22068054905', '2023-09-01', '18069513355', NULL, 0, 0),
(3568, '李刚', 71, 38, '22915010328', '2024-09-01', '18006690863', NULL, 0, 0),
(3569, '钱哲鹏', 71, 40, '24922314444', '2024-09-01', '18019477968', NULL, 0, 0),
(3570, '何刚翔', 72, 34, '22877646284', '2024-09-01', '18094412955', NULL, 0, 0),
(3571, '严昊鹏', 72, 11, '24424140194', '2024-09-01', '18040467678', NULL, 0, 0),
(3572, '卫博', 72, 11, '22717366436', '2022-09-01', '18001778510', NULL, 0, 0),
(3573, '蒋刚', 72, 41, '22171273606', '2022-09-01', '18068604187', NULL, 0, 0),
(3574, '卫宁', 73, 10, '22941178363', '2022-09-01', '18077191132', NULL, 0, 0),
(3575, '王旭', 73, 12, '22153744499', '2024-09-01', '18073208535', NULL, 0, 0),
(3576, '张旭', 73, 32, '24241486414', '2024-09-01', '18098732492', NULL, 0, 0),
(3577, '杨倩', 73, 10, '24844276511', '2024-09-01', '18073589044', NULL, 0, 0),
(3578, '姜杰', 74, 16, '24270967378', '2022-09-01', '18023303966', NULL, 0, 0),
(3579, '陈浩', 74, 15, '24850638594', '2022-09-01', '18041251509', NULL, 0, 0),
(3580, '卫强', 74, 12, '24570301636', '2024-09-01', '18057712470', NULL, 1, 0),
(3581, '何哲', 74, 36, '24097232651', '2023-09-01', '18097458699', NULL, 0, 0),
(3582, '朱强琳', 75, 11, '24228599982', '2023-09-01', '18083911788', NULL, 0, 0),
(3583, '金超昊', 75, 38, '24144540549', '2024-09-01', '18047771446', NULL, 0, 0),
(3584, '严洋', 75, 10, '23255309145', '2024-09-01', '18057648510', NULL, 0, 0),
(3585, '蒋萌', 75, 10, '22755888219', '2022-09-01', '18092543673', NULL, 0, 0),
(3586, '许雅', 76, 22, '22173294150', '2024-09-01', '18021162360', NULL, 0, 0),
(3587, '卫磊', 76, 10, '24335352672', '2023-09-01', '18001554771', NULL, 0, 0),
(3588, '郑超', 76, 39, '22621666308', '2023-09-01', '18098367592', NULL, 0, 0),
(3589, '朱欣哲', 76, 32, '23153397071', '2022-09-01', '18064228584', NULL, 0, 0),
(3590, '施哲', 77, 11, '23860413217', '2023-09-01', '18076479013', NULL, 0, 0),
(3591, '杨翔', 77, 19, '23744852716', '2022-09-01', '18014996995', NULL, 0, 0),
(3592, '魏睿洋', 77, 23, '22826795291', '2024-09-01', '18018195715', NULL, 0, 0),
(3593, '钱萌睿', 77, 32, '22540333005', '2023-09-01', '18079815482', NULL, 0, 0),
(3594, '朱洋刚', 78, 31, '24274613732', '2023-09-01', '18042768291', NULL, 0, 0),
(3595, '秦刚旭', 78, 34, '23201596660', '2024-09-01', '18005411095', NULL, 0, 0),
(3596, '赵哲', 78, 40, '23279468101', '2023-09-01', '18090797128', NULL, 0, 0),
(3597, '许强', 78, 40, '24455581235', '2024-09-01', '18037481855', NULL, 0, 0),
(3598, '钱伟', 79, 40, '23236207347', '2024-09-01', '18027055564', NULL, 0, 0),
(3599, '许洋昊', 79, 16, '23263241575', '2023-09-01', '18096276177', NULL, 0, 0),
(3600, '周杰昊', 79, 15, '23777460036', '2023-09-01', '18015071051', NULL, 0, 0),
(3601, '陈琳', 79, 12, '23679217637', '2022-09-01', '18079216975', NULL, 0, 0),
(3602, '秦琦', 80, 40, '23225714545', '2022-09-01', '18087216278', NULL, 0, 0),
(3603, '魏琦', 80, 22, '23679627093', '2023-09-01', '18089834814', NULL, 0, 0),
(3604, '李俊', 80, 36, '23939125214', '2023-09-01', '18008951244', NULL, 0, 0),
(3605, '魏琳', 80, 18, '22660911552', '2023-09-01', '18015816384', NULL, 0, 0),
(3606, '朱俊', 81, 19, '22578136778', '2024-09-01', '18012195562', NULL, 0, 0),
(3607, '许萌俊', 81, 31, '22943840621', '2023-09-01', '18001911716', NULL, 0, 0),
(3608, '朱昊', 81, 32, '23756015810', '2022-09-01', '18008673776', NULL, 0, 0),
(3609, '金旭欣', 81, 23, '23772917172', '2023-09-01', '18040357165', NULL, 0, 0),
(3610, '王磊哲', 82, 16, '22482655704', '2024-09-01', '18022389932', NULL, 0, 0),
(3611, '吴洋', 82, 40, '23625501412', '2022-09-01', '18077309816', NULL, 0, 0),
(3612, '沈旭', 82, 40, '22656232421', '2023-09-01', '18010852345', NULL, 0, 0),
(3613, '陶欣', 82, 40, '24120605689', '2023-09-01', '18084212192', NULL, 0, 0),
(3614, '褚俊', 83, 36, '23795784312', '2022-09-01', '18027242806', NULL, 0, 0),
(3615, '杨琦文', 83, 36, '24458988755', '2023-09-01', '18099805555', NULL, 0, 0),
(3616, '郑博', 83, 19, '22395561249', '2022-09-01', '18025055723', NULL, 0, 0),
(3617, '张伟', 83, 11, '24724493191', '2023-09-01', '18002238177', NULL, 0, 0),
(3618, '冯磊', 84, 15, '22622336749', '2022-09-01', '18015502335', NULL, 0, 0),
(3619, '韩博博', 84, 15, '24028607068', '2022-09-01', '18005722993', NULL, 0, 0),
(3620, '曹俊刚', 84, 10, '22405579090', '2022-09-01', '18031425072', NULL, 0, 0),
(3621, '金俊杰', 84, 19, '22637817361', '2024-09-01', '18090134563', NULL, 0, 0),
(3622, '陈俊', 85, 40, '24659225255', '2024-09-01', '18046346127', NULL, 0, 0),
(3623, '许超涛', 85, 35, '22660478476', '2024-09-01', '18015943395', NULL, 0, 0),
(3624, '陈倩', 85, 18, '23345737347', '2023-09-01', '18094477153', NULL, 0, 0),
(3625, '曹强刚', 85, 16, '22572450704', '2022-09-01', '18081294576', NULL, 0, 0),
(3626, '韩雅杰', 86, 41, '24254278437', '2024-09-01', '18088472374', NULL, 0, 0),
(3627, '周琳', 86, 23, '24411078333', '2024-09-01', '18044950075', NULL, 0, 0),
(3628, '严洋', 86, 12, '23699716107', '2022-09-01', '18099668410', NULL, 0, 0),
(3629, '蒋杰', 86, 23, '24476492524', '2023-09-01', '18076270631', NULL, 0, 0),
(3630, '吴翔', 87, 34, '24201941875', '2023-09-01', '18085970185', NULL, 0, 0),
(3631, '周琳', 87, 32, '24944214808', '2024-09-01', '18053341886', NULL, 0, 0),
(3632, '吴旭', 87, 41, '23047177493', '2023-09-01', '18003056095', NULL, 0, 0),
(3633, '姜涛', 87, 23, '22057835202', '2024-09-01', '18061747751', NULL, 0, 0),
(3634, '冯旭涛', 88, 39, '22058660225', '2024-09-01', '18024647840', NULL, 0, 0),
(3635, '孙昊', 88, 18, '23910504393', '2024-09-01', '18067627108', NULL, 0, 0),
(3636, '孙宁', 88, 38, '23754539539', '2023-09-01', '18006205709', NULL, 0, 0),
(3637, '吴文鹏', 88, 36, '22767769921', '2024-09-01', '18084838497', NULL, 0, 0),
(3638, '吕宁', 89, 10, '22209074607', '2022-09-01', '18093847282', NULL, 0, 0),
(3639, '沈雅琳', 89, 23, '22214928310', '2023-09-01', '18037810529', NULL, 0, 0),
(3640, '孙伟', 89, 39, '22090886111', '2024-09-01', '18072556721', NULL, 0, 0),
(3641, '魏睿', 89, 36, '23186356129', '2023-09-01', '18080608077', NULL, 0, 0),
(3642, '卫昊超', 90, 34, '22746025594', '2022-09-01', '18024297995', NULL, 0, 0),
(3643, '孔昊', 90, 41, '24587264387', '2022-09-01', '18043719378', NULL, 0, 0),
(3644, '郑浩', 90, 12, '22136242440', '2023-09-01', '18048964245', NULL, 0, 0),
(3645, '曹翔', 90, 22, '24223700183', '2024-09-01', '18002926589', NULL, 0, 0),
(3646, '周萌', 91, 40, '23242970143', '2024-09-01', '18022119223', NULL, 0, 0),
(3647, '钱倩鹏', 91, 35, '24491524585', '2022-09-01', '18075196992', NULL, 0, 0),
(3648, '张浩', 91, 32, '24059991170', '2023-09-01', '18063233489', NULL, 0, 0),
(3649, '赵旭俊', 91, 41, '23119043606', '2024-09-01', '18042041956', NULL, 0, 0),
(3650, '杨涛', 92, 23, '24278676288', '2023-09-01', '18064681625', NULL, 0, 0),
(3651, '李鹏睿', 92, 11, '24222096405', '2022-09-01', '18043901528', NULL, 0, 0),
(3652, '孔倩鹏', 92, 15, '24335949338', '2024-09-01', '18092644857', NULL, 0, 0),
(3653, '杨哲', 92, 34, '22282539425', '2022-09-01', '18054730571', NULL, 0, 0),
(3654, '张超', 93, 12, '24644713338', '2024-09-01', '18026486424', NULL, 0, 0),
(3655, '张翔', 93, 38, '23385819920', '2022-09-01', '18086981556', NULL, 0, 0),
(3656, '朱琦', 93, 36, '23839189526', '2023-09-01', '18025260526', NULL, 0, 0),
(3657, '孔俊倩', 93, 40, '22634787052', '2024-09-01', '18085089452', NULL, 0, 0),
(3658, '张萌', 94, 20, '23371920177', '2022-09-01', '18032283070', NULL, 0, 0),
(3659, '华强旭', 94, 32, '23171138819', '2022-09-01', '18077707939', NULL, 0, 0),
(3660, '冯鹏', 94, 11, '23517648748', '2023-09-01', '18002045431', NULL, 0, 0),
(3661, '姜杰', 94, 19, '23162511158', '2023-09-01', '18002592741', NULL, 0, 0),
(3662, '钱睿', 95, 16, '22513458325', '2024-09-01', '18040273070', NULL, 0, 0),
(3663, '沈伟刚', 95, 40, '24026695810', '2022-09-01', '18024420504', NULL, 0, 0),
(3664, '秦博磊', 95, 36, '23995709154', '2022-09-01', '18012239669', NULL, 0, 0),
(3665, '褚翔', 95, 18, '24689411154', '2024-09-01', '18073022280', NULL, 0, 0),
(3666, '王浩', 96, 36, '24254974277', '2023-09-01', '18012101639', NULL, 0, 0),
(3667, '钱琳', 96, 32, '24066479275', '2024-09-01', '18065474400', NULL, 0, 0),
(3668, '卫强', 96, 18, '22343778639', '2022-09-01', '18005434767', NULL, 0, 0),
(3669, '朱文欣', 96, 35, '24883142759', '2024-09-01', '18022822846', NULL, 0, 0),
(3670, '韩鹏', 97, 31, '22415867769', '2022-09-01', '18008434553', NULL, 0, 0),
(3671, '姜磊磊', 97, 35, '24939402406', '2022-09-01', '18041626321', NULL, 0, 0),
(3672, '陶琳翔', 97, 32, '23135271960', '2023-09-01', '18014533457', NULL, 0, 0),
(3673, '李杰', 97, 35, '22737380097', '2022-09-01', '18058900964', NULL, 0, 0),
(3674, '吕伟', 98, 15, '22999038557', '2024-09-01', '18034484061', NULL, 0, 0),
(3675, '杨磊伟', 98, 22, '23398466226', '2022-09-01', '18043916866', NULL, 0, 0),
(3676, '陈杰', 98, 40, '23201929479', '2022-09-01', '18051544266', NULL, 0, 0),
(3677, '周哲', 98, 20, '24676020159', '2023-09-01', '18050239309', NULL, 0, 0),
(3678, '吕涛', 99, 40, '23823241405', '2023-09-01', '18041648566', NULL, 0, 0),
(3679, '何昊', 99, 34, '23910576395', '2023-09-01', '18015678358', NULL, 0, 0),
(3680, '沈琦', 99, 20, '24720969051', '2022-09-01', '18096579096', NULL, 0, 0),
(3681, '严萌', 99, 38, '24373689102', '2023-09-01', '18095254331', NULL, 0, 0),
(3682, '卫磊', 100, 40, '24064411005', '2023-09-01', '18015546309', NULL, 0, 0),
(3683, '魏浩', 100, 12, '24420101418', '2024-09-01', '18081977658', NULL, 0, 0),
(3684, '孙雅', 100, 16, '23142973845', '2022-09-01', '18066258651', NULL, 0, 0),
(3685, '姜俊', 100, 18, '22258691268', '2023-09-01', '18053346228', NULL, 0, 0),
(3686, '蒋睿', 101, 15, '24034758949', '2022-09-01', '18002939603', NULL, 0, 0),
(3687, '曹涛', 101, 35, '22144042708', '2024-09-01', '18047831463', NULL, 0, 0),
(3688, '金杰', 101, 35, '24489654273', '2024-09-01', '18013173008', NULL, 0, 0),
(3689, '孔萌', 101, 40, '24961423275', '2022-09-01', '18012581255', NULL, 0, 0),
(3690, '金浩', 102, 22, '24129927774', '2023-09-01', '18053603779', NULL, 0, 0),
(3691, '钱浩', 102, 32, '24833409510', '2024-09-01', '18042213392', NULL, 0, 0),
(3692, '郑伟', 102, 34, '22724377921', '2023-09-01', '18004404951', NULL, 0, 0),
(3693, '周超', 102, 32, '22120355164', '2022-09-01', '18076153731', NULL, 0, 0),
(3694, '施博', 103, 23, '22828893758', '2024-09-01', '18004255735', NULL, 0, 0),
(3695, '吕萌欣', 103, 31, '24104685396', '2023-09-01', '18080487052', NULL, 0, 0),
(3696, '陈宁', 103, 39, '23251533642', '2022-09-01', '18081426819', NULL, 0, 0),
(3697, '曹雅宁', 103, 39, '24774582547', '2022-09-01', '18078846892', NULL, 0, 0),
(3698, '钱博', 104, 20, '22731224762', '2022-09-01', '18026849107', NULL, 0, 0),
(3699, '沈宁旭', 104, 22, '24396981520', '2024-09-01', '18063785877', NULL, 0, 0),
(3700, '华涛洋', 104, 11, '24627802337', '2022-09-01', '18028334193', NULL, 0, 0),
(3701, '魏琳', 104, 35, '22590796479', '2023-09-01', '18092660618', NULL, 0, 0),
(3702, '赵涛', 105, 35, '22728714718', '2022-09-01', '18057622313', NULL, 0, 0),
(3703, '陈欣', 105, 12, '24638771107', '2024-09-01', '18074299694', NULL, 0, 0),
(3704, '施刚', 105, 40, '24627936179', '2022-09-01', '18065934059', NULL, 0, 0),
(3705, '褚伟刚', 105, 11, '22851513966', '2023-09-01', '18025652794', NULL, 0, 0),
(3706, '郑琳', 106, 15, '22589852316', '2024-09-01', '18041477368', NULL, 0, 0),
(3707, '施哲', 106, 32, '23985694775', '2022-09-01', '18011263767', NULL, 0, 0),
(3708, '孔文磊', 106, 16, '23951429102', '2024-09-01', '18079080818', NULL, 0, 0),
(3709, '吕昊', 106, 41, '24122583409', '2022-09-01', '18065658853', NULL, 0, 0),
(3710, '朱浩', 107, 15, '24375021739', '2023-09-01', '18033592949', NULL, 0, 0),
(3711, '钱伟', 107, 16, '24431659149', '2024-09-01', '18022638995', NULL, 0, 0),
(3712, '赵磊', 107, 22, '22140528224', '2023-09-01', '18085454469', NULL, 0, 0),
(3713, '郑超', 107, 10, '23010613739', '2024-09-01', '18085473936', NULL, 0, 0),
(3714, '王洋', 108, 35, '24539839585', '2023-09-01', '18071089676', NULL, 0, 0),
(3715, '孔刚', 108, 11, '22090477300', '2022-09-01', '18010864287', NULL, 0, 0),
(3716, '许昊', 108, 20, '24419071163', '2024-09-01', '18030258924', NULL, 0, 0),
(3717, '张欣俊', 108, 38, '22801426403', '2024-09-01', '18089701351', NULL, 0, 0),
(3718, '王文', 109, 11, '24167664528', '2022-09-01', '18063244009', NULL, 0, 0),
(3719, '吕伟', 109, 20, '22120140359', '2024-09-01', '18068952054', NULL, 0, 0),
(3720, '吴宁', 109, 16, '22939109156', '2023-09-01', '18089489430', NULL, 0, 0),
(3721, '冯倩', 109, 22, '22877577201', '2024-09-01', '18085735018', NULL, 0, 0),
(3722, '王倩昊', 110, 15, '23386161883', '2022-09-01', '18056592633', NULL, 0, 0),
(3723, '施伟', 110, 32, '24452797730', '2024-09-01', '18035077976', NULL, 0, 0),
(3724, '吕超昊', 110, 32, '23176146436', '2023-09-01', '18068846304', NULL, 0, 0),
(3725, '魏磊萌', 110, 23, '23550604289', '2023-09-01', '18012810633', NULL, 0, 0),
(3726, '王雅博', 111, 38, '24184831773', '2024-09-01', '18027667162', NULL, 0, 0),
(3727, '卫超', 111, 12, '24441286056', '2022-09-01', '18002167002', NULL, 0, 0),
(3728, '韩洋博', 111, 18, '24274222547', '2024-09-01', '18059927835', NULL, 0, 0),
(3729, '严刚', 111, 40, '24051645024', '2023-09-01', '18056985511', NULL, 0, 0),
(3730, '严超文', 112, 23, '24386542407', '2022-09-01', '18097078194', NULL, 0, 0),
(3731, '张博萌', 112, 31, '24198950410', '2023-09-01', '18065827100', NULL, 0, 0),
(3732, '张昊琳', 112, 41, '23900105311', '2023-09-01', '18042008181', NULL, 0, 0),
(3733, '卫洋', 112, 11, '23268230500', '2024-09-01', '18052886837', NULL, 0, 0),
(3734, '杨旭', 113, 35, '22120055997', '2023-09-01', '18082285669', NULL, 0, 0),
(3735, '施旭', 113, 16, '24768046941', '2024-09-01', '18023257234', NULL, 0, 0),
(3736, '卫俊睿', 113, 18, '23865312909', '2022-09-01', '18074754071', NULL, 0, 0),
(3737, '郑俊', 113, 35, '22449071212', '2022-09-01', '18004146202', NULL, 0, 0),
(3738, '姜洋伟', 114, 20, '24150101876', '2022-09-01', '18020871056', NULL, 0, 0),
(3739, '魏伟', 114, 18, '24795128141', '2024-09-01', '18070099748', NULL, 0, 0),
(3740, '张昊强', 114, 11, '22192968503', '2024-09-01', '18086466719', NULL, 0, 0),
(3741, '韩博', 114, 16, '22878305280', '2023-09-01', '18061868732', NULL, 0, 0),
(3742, '郑睿', 115, 35, '24507643304', '2023-09-01', '18027965775', NULL, 0, 0),
(3743, '吕伟', 115, 38, '22759649064', '2022-09-01', '18022294813', NULL, 0, 0),
(3744, '蒋睿萌', 115, 16, '24887247547', '2024-09-01', '18091584528', NULL, 0, 0),
(3745, '陶宁昊', 115, 18, '23642651266', '2024-09-01', '18040772708', NULL, 0, 0),
(3746, '周宁涛', 116, 35, '24839864313', '2024-09-01', '18073579993', NULL, 0, 0),
(3747, '华杰', 116, 32, '23302032361', '2022-09-01', '18022264835', NULL, 0, 0),
(3748, '冯倩', 116, 34, '22826734095', '2024-09-01', '18094992927', NULL, 0, 0),
(3749, '李文', 116, 39, '22366092363', '2022-09-01', '18010977229', NULL, 0, 0),
(3750, '李琦', 117, 18, '22425450397', '2022-09-01', '18026783203', NULL, 0, 0),
(3751, '卫琦', 117, 16, '22311869873', '2023-09-01', '18077435146', NULL, 0, 0),
(3752, '华刚洋', 117, 31, '24128491149', '2023-09-01', '18041239701', NULL, 0, 0),
(3753, '褚翔', 117, 35, '24086803294', '2024-09-01', '18009596849', NULL, 0, 0),
(3754, '尤刚', 118, 10, '22303720074', '2022-09-01', '18066386812', NULL, 0, 0),
(3755, '尤倩', 118, 12, '23854369951', '2022-09-01', '18089736418', NULL, 0, 0),
(3756, '施文', 118, 11, '22722664509', '2024-09-01', '18083134657', NULL, 0, 0),
(3757, '姜鹏', 118, 39, '24521943143', '2022-09-01', '18000679742', NULL, 0, 0),
(3758, '严欣', 119, 22, '22098436804', '2023-09-01', '18061619625', NULL, 0, 0),
(3759, '朱倩', 119, 36, '22046745483', '2022-09-01', '18093070005', NULL, 0, 0),
(3760, '韩洋', 119, 32, '22961402838', '2023-09-01', '18079547036', NULL, 0, 0),
(3761, '张倩超', 119, 22, '24858965361', '2024-09-01', '18037429955', NULL, 0, 0),
(3762, '沈杰俊', 120, 36, '24265082651', '2023-09-01', '18022638405', NULL, 0, 0),
(3763, '陈文', 120, 12, '24601233013', '2023-09-01', '18028249675', NULL, 0, 0),
(3764, '吕鹏', 120, 20, '22814214816', '2023-09-01', '18090654594', NULL, 0, 0),
(3765, '姜洋', 120, 11, '23876880004', '2022-09-01', '18001534936', NULL, 0, 0),
(3766, '蒋哲', 121, 23, '22051493419', '2024-09-01', '18066479527', NULL, 0, 0),
(3767, '褚旭琦', 121, 39, '23355259441', '2024-09-01', '18078460047', NULL, 0, 0),
(3768, '赵睿', 121, 23, '22987948494', '2023-09-01', '18028680811', NULL, 0, 0),
(3769, '李睿', 121, 20, '22085241291', '2024-09-01', '18016342966', NULL, 0, 0),
(3770, '吴倩', 122, 35, '23248828785', '2024-09-01', '18012869605', NULL, 0, 0),
(3771, '许洋', 122, 15, '22777965155', '2024-09-01', '18012856292', NULL, 0, 0),
(3772, '陶翔', 122, 31, '23349330637', '2023-09-01', '18065802904', NULL, 0, 0),
(3773, '魏俊', 122, 22, '22747629765', '2022-09-01', '18014744827', NULL, 0, 0),
(3774, '李雅睿', 123, 12, '24229818116', '2024-09-01', '18011405352', NULL, 0, 0),
(3775, '姜雅', 123, 11, '23601717831', '2022-09-01', '18074084684', NULL, 0, 0),
(3776, '吕涛', 123, 39, '23602426309', '2024-09-01', '18062166664', NULL, 0, 0),
(3777, '朱伟', 123, 40, '22589157892', '2024-09-01', '18087884916', NULL, 0, 0),
(3778, '吴刚', 124, 15, '22313126991', '2022-09-01', '18037518959', NULL, 0, 0),
(3779, '张琦', 124, 19, '23168601332', '2023-09-01', '18017356548', NULL, 0, 0),
(3780, '严宁', 124, 10, '22968159859', '2024-09-01', '18099195293', NULL, 0, 0),
(3781, '秦浩', 124, 11, '22264422017', '2023-09-01', '18046060151', NULL, 0, 0),
(3782, '孙睿萌', 125, 36, '24183000645', '2022-09-01', '18040226444', NULL, 0, 0),
(3783, '韩旭旭', 125, 15, '24994428561', '2022-09-01', '18045341686', NULL, 0, 0),
(3784, '朱洋', 125, 39, '22553940503', '2023-09-01', '18049292371', NULL, 0, 0),
(3785, '陶倩', 125, 10, '22364373983', '2023-09-01', '18088346876', NULL, 0, 0),
(3786, '秦杰琳', 126, 40, '22981347721', '2023-09-01', '18056169431', NULL, 0, 0),
(3787, '吕雅旭', 126, 23, '24116327475', '2024-09-01', '18078277963', NULL, 0, 0),
(3788, '张涛', 126, 19, '23710758661', '2023-09-01', '18058376923', NULL, 0, 0),
(3789, '曹杰', 126, 22, '23876803561', '2023-09-01', '18048738921', NULL, 0, 0),
(3790, '曹文文', 127, 32, '23966635469', '2022-09-01', '18003885048', NULL, 0, 0),
(3791, '周涛', 127, 38, '23075992968', '2024-09-01', '18090175931', NULL, 0, 0),
(3792, '吴强', 127, 11, '24631780641', '2022-09-01', '18022723261', NULL, 0, 0),
(3793, '沈磊', 127, 36, '22340822090', '2024-09-01', '18067154697', NULL, 0, 0),
(3794, '严超', 128, 32, '22886796869', '2024-09-01', '18022967025', NULL, 0, 0),
(3795, '卫宁', 128, 22, '22791444890', '2022-09-01', '18001928297', NULL, 0, 0),
(3796, '魏翔', 128, 35, '22801852717', '2023-09-01', '18076515330', NULL, 0, 0),
(3797, '孙刚', 128, 22, '23680126853', '2023-09-01', '18000417562', NULL, 0, 0),
(3798, '施旭', 129, 40, '22155673520', '2022-09-01', '18046112882', NULL, 0, 0),
(3799, '吴强', 129, 39, '23315901292', '2023-09-01', '18019522275', NULL, 0, 0),
(3800, '王超文', 129, 41, '22368770247', '2024-09-01', '18038637249', NULL, 0, 0),
(3801, '钱超超', 129, 40, '22058547712', '2024-09-01', '18060715004', NULL, 0, 0),
(3802, '沈磊', 130, 35, '23580904383', '2022-09-01', '18043269785', NULL, 0, 0),
(3803, '严浩', 130, 23, '24339919862', '2023-09-01', '18081116587', NULL, 0, 0),
(3804, '秦洋浩', 130, 18, '22780669056', '2024-09-01', '18032851174', NULL, 0, 0),
(3805, '王磊磊', 130, 11, '22081119926', '2022-09-01', '18002482745', NULL, 0, 0),
(3806, '杨强', 131, 32, '23927419025', '2022-09-01', '18024973761', NULL, 0, 0),
(3807, '朱强', 131, 11, '24821583749', '2022-09-01', '18009350589', NULL, 0, 0),
(3808, '杨浩欣', 131, 11, '24575957298', '2024-09-01', '18011804027', NULL, 0, 0),
(3809, '卫宁', 131, 38, '22297216682', '2022-09-01', '18039989965', NULL, 0, 0),
(3810, '金昊', 132, 10, '22032161498', '2023-09-01', '18043714888', NULL, 0, 0),
(3811, '吴旭鹏', 132, 15, '22536973947', '2022-09-01', '18046734825', NULL, 0, 0),
(3812, '钱强', 132, 16, '23524884260', '2022-09-01', '18094083235', NULL, 0, 0),
(3813, '许涛', 132, 32, '23321981751', '2024-09-01', '18078097887', NULL, 0, 0),
(3814, '朱琳', 133, 16, '22029939097', '2024-09-01', '18053066804', NULL, 0, 0),
(3815, '许博', 133, 40, '23469635966', '2023-09-01', '18050255905', NULL, 0, 0),
(3816, '秦萌', 133, 38, '22224862401', '2022-09-01', '18001856416', NULL, 0, 0),
(3817, '王超', 133, 10, '22854006199', '2024-09-01', '18016109774', NULL, 0, 0),
(3818, '孙昊', 134, 10, '22977723595', '2024-09-01', '18028462589', NULL, 0, 0),
(3819, '曹杰', 134, 36, '22063332413', '2022-09-01', '18047876552', NULL, 0, 0),
(3820, '施宁', 134, 22, '24519710799', '2022-09-01', '18086079213', NULL, 0, 0),
(3821, '孙鹏', 134, 38, '22627949255', '2022-09-01', '18074349180', NULL, 0, 0),
(3822, '曹雅', 135, 31, '23802224212', '2023-09-01', '18049767345', NULL, 0, 0),
(3823, '李倩', 135, 39, '24788337492', '2022-09-01', '18012901085', NULL, 0, 0),
(3824, '杨哲', 135, 40, '23856297814', '2024-09-01', '18010424554', NULL, 0, 0),
(3825, '冯哲磊', 135, 34, '24600502161', '2024-09-01', '18051035778', NULL, 0, 0),
(3826, '张鹏涛', 136, 34, '24825403057', '2022-09-01', '18089841896', NULL, 0, 0),
(3827, '沈刚', 136, 35, '22921973560', '2023-09-01', '18007246520', NULL, 0, 0),
(3828, '褚宁伟', 136, 12, '22408801010', '2023-09-01', '18064247638', NULL, 0, 0),
(3829, '朱伟洋', 136, 22, '23124978277', '2022-09-01', '18027719551', NULL, 0, 0),
(3830, '张倩', 137, 23, '24387696503', '2023-09-01', '18006785110', NULL, 0, 0),
(3831, '杨昊', 137, 36, '22492044364', '2022-09-01', '18070097677', NULL, 0, 0),
(3832, '施哲萌', 137, 39, '22256178531', '2024-09-01', '18097239556', NULL, 0, 0),
(3833, '吕俊', 137, 41, '22598825554', '2022-09-01', '18047131495', NULL, 0, 0),
(3834, '郑雅', 138, 32, '22012992102', '2023-09-01', '18076659304', NULL, 0, 0),
(3835, '曹超', 138, 41, '23975500429', '2022-09-01', '18057021016', NULL, 0, 0),
(3836, '杨磊', 138, 31, '22932245063', '2024-09-01', '18074028580', NULL, 0, 0),
(3837, '严宁', 138, 10, '22363309163', '2023-09-01', '18061580558', NULL, 0, 0),
(3838, '陈旭', 139, 31, '23471597549', '2023-09-01', '18015454935', NULL, 0, 0),
(3839, '韩杰', 139, 18, '23450756687', '2022-09-01', '18002608848', NULL, 0, 0),
(3840, '吴鹏', 139, 19, '24667170175', '2023-09-01', '18076168474', NULL, 0, 0),
(3841, '李哲', 139, 36, '23015250775', '2022-09-01', '18040933375', NULL, 0, 0),
(3842, '姜超', 140, 15, '22670327151', '2023-09-01', '18009850836', NULL, 0, 0),
(3843, '李文', 140, 39, '22593012839', '2022-09-01', '18047233285', NULL, 0, 0),
(3844, '朱磊', 140, 38, '22948206285', '2023-09-01', '18072358748', NULL, 0, 0),
(3845, '曹倩', 140, 16, '23345266655', '2023-09-01', '18036788222', NULL, 0, 0),
(3846, '金强哲', 141, 41, '24219641984', '2023-09-01', '18020445517', NULL, 0, 0),
(3847, '姜翔欣', 141, 19, '22206060426', '2022-09-01', '18066104114', NULL, 0, 0),
(3848, '华鹏', 141, 15, '23098927808', '2024-09-01', '18037660847', NULL, 0, 0),
(3849, '张哲超', 141, 34, '24707988551', '2024-09-01', '18043546020', NULL, 0, 0),
(3850, '许雅', 142, 34, '24512547733', '2024-09-01', '18063201973', NULL, 0, 0),
(3851, '孙磊磊', 142, 40, '23224753420', '2024-09-01', '18005072182', NULL, 0, 0),
(3852, '魏强昊', 142, 31, '22646617239', '2023-09-01', '18019224318', NULL, 0, 0),
(3853, '冯昊琳', 142, 38, '24548228724', '2023-09-01', '18022793002', NULL, 0, 0),
(3854, '赵宁萌', 143, 11, '22419309731', '2022-09-01', '18033322388', NULL, 0, 0),
(3855, '郑博', 143, 31, '24431230128', '2024-09-01', '18005924460', NULL, 0, 0),
(3856, '杨杰', 143, 12, '23723130914', '2024-09-01', '18051548949', NULL, 0, 0),
(3857, '严杰倩', 143, 10, '23411766613', '2023-09-01', '18079584591', NULL, 0, 0),
(3858, '吴鹏', 144, 22, '24575354564', '2024-09-01', '18002621901', NULL, 0, 0),
(3859, '施超', 144, 15, '23961566069', '2022-09-01', '18071771871', NULL, 0, 0),
(3860, '陶欣琳', 144, 39, '22544335573', '2022-09-01', '18046582727', NULL, 0, 0),
(3861, '陶欣', 144, 20, '22843812011', '2023-09-01', '18041441468', NULL, 0, 0),
(3862, '杨超', 145, 10, '23758274918', '2024-09-01', '18040480328', NULL, 0, 0),
(3863, '何倩', 145, 19, '22993756062', '2023-09-01', '18092492689', NULL, 0, 0),
(3864, '朱琦浩', 145, 19, '24919334007', '2022-09-01', '18052931699', NULL, 0, 0),
(3865, '王强欣', 145, 15, '24957057944', '2024-09-01', '18048144696', NULL, 0, 0),
(3866, '陶雅', 146, 23, '22610511134', '2023-09-01', '18008601004', NULL, 0, 0),
(3867, '冯博', 146, 39, '24031792292', '2024-09-01', '18075037356', NULL, 0, 0),
(3868, '蒋浩鹏', 146, 12, '24259177014', '2022-09-01', '18080204471', NULL, 0, 0),
(3869, '李刚', 146, 35, '22128222972', '2024-09-01', '18022412548', NULL, 0, 0),
(3870, '韩超', 147, 12, '23865833409', '2022-09-01', '18044205821', NULL, 0, 0),
(3871, '施昊', 147, 15, '22224467513', '2023-09-01', '18058679787', NULL, 0, 0),
(3872, '沈雅', 147, 11, '24757629819', '2023-09-01', '18088681502', NULL, 0, 0),
(3873, '华雅', 147, 11, '23976015430', '2023-09-01', '18079050979', NULL, 0, 0),
(3874, '杨欣', 148, 11, '23068371395', '2024-09-01', '18036992203', NULL, 0, 0),
(3875, '赵浩', 148, 38, '23852610782', '2022-09-01', '18096499022', NULL, 0, 0),
(3876, '张雅', 148, 40, '22116137984', '2022-09-01', '18083610036', NULL, 0, 0),
(3877, '蒋博', 148, 23, '22491703206', '2024-09-01', '18006415706', NULL, 0, 0),
(3878, '王超', 149, 18, '24108236154', '2022-09-01', '18059494306', NULL, 0, 0),
(3879, '姜睿伟', 149, 11, '24709158380', '2022-09-01', '18097619851', NULL, 0, 0),
(3880, '秦俊', 149, 16, '22371775505', '2022-09-01', '18006002996', NULL, 0, 0),
(3881, '吕刚', 149, 41, '23244202325', '2023-09-01', '18095017513', NULL, 0, 0),
(3882, '孙鹏', 150, 23, '22877291262', '2023-09-01', '18015457772', NULL, 0, 0),
(3883, '褚文雅', 150, 31, '23425670002', '2022-09-01', '18013600330', NULL, 0, 0),
(3884, '李萌', 150, 10, '22720604615', '2022-09-01', '18031034811', NULL, 0, 0),
(3885, '魏伟', 150, 22, '22837227324', '2023-09-01', '18076109454', NULL, 0, 0),
(3886, '蒋雅', 151, 12, '24864465884', '2024-09-01', '18034344091', NULL, 0, 0),
(3887, '陶磊', 151, 19, '22808561266', '2023-09-01', '18039662592', NULL, 0, 0),
(3888, '郑鹏', 151, 11, '24204325647', '2024-09-01', '18017139215', NULL, 0, 0),
(3889, '王鹏', 151, 34, '22546144798', '2024-09-01', '18060372894', NULL, 0, 0),
(3890, '陈鹏', 152, 31, '22344102717', '2022-09-01', '18058777935', NULL, 0, 0),
(3891, '秦鹏宁', 152, 39, '22969679288', '2023-09-01', '18083658239', NULL, 0, 0),
(3892, '张翔', 152, 22, '22675687866', '2023-09-01', '18080503749', NULL, 0, 0),
(3893, '魏宁倩', 152, 34, '23794992775', '2022-09-01', '18096309053', NULL, 0, 0),
(3894, '赵欣', 153, 18, '23321572203', '2024-09-01', '18043532182', NULL, 0, 0),
(3895, '曹刚', 153, 34, '23764866170', '2024-09-01', '18041677142', NULL, 0, 0),
(3896, '吴浩', 153, 38, '24270061644', '2023-09-01', '18095676722', NULL, 0, 0),
(3897, '秦文鹏', 153, 32, '22481455883', '2023-09-01', '18057089227', NULL, 0, 0),
(3898, '秦宁', 154, 41, '24175672792', '2023-09-01', '18058184692', NULL, 0, 0),
(3899, '王杰', 154, 16, '22199580911', '2023-09-01', '18046392407', NULL, 0, 0),
(3900, '陈旭', 154, 39, '22082834664', '2023-09-01', '18098750140', NULL, 0, 0),
(3901, '曹雅', 154, 19, '23833478533', '2022-09-01', '18072662366', NULL, 0, 0),
(3902, '孙刚伟', 155, 31, '24013791769', '2024-09-01', '18029717695', NULL, 0, 0),
(3903, '吴强', 155, 12, '22866711130', '2022-09-01', '18043969215', NULL, 0, 0),
(3904, '孙超', 155, 39, '22960704583', '2023-09-01', '18055468551', NULL, 0, 0),
(3905, '沈欣', 155, 22, '24500243057', '2023-09-01', '18030011361', NULL, 0, 0),
(3906, '严昊', 156, 39, '23471404875', '2022-09-01', '18022044863', NULL, 0, 0),
(3907, '朱鹏', 156, 22, '22660038786', '2024-09-01', '18038994105', NULL, 0, 0),
(3908, '孔雅', 156, 20, '22289458198', '2023-09-01', '18083167606', NULL, 0, 0),
(3909, '吴强', 156, 38, '23650104974', '2024-09-01', '18088620150', NULL, 0, 0),
(3910, '王旭磊', 157, 35, '24717537309', '2024-09-01', '18027815736', NULL, 0, 0),
(3911, '郑旭涛', 157, 23, '23054472098', '2024-09-01', '18040936951', NULL, 0, 0),
(3912, '陶萌', 157, 32, '23299469862', '2022-09-01', '18044356103', NULL, 0, 0),
(3913, '王强文', 157, 36, '23784128661', '2023-09-01', '18088017209', NULL, 0, 0),
(3914, '魏超磊', 158, 40, '24571229469', '2024-09-01', '18046614404', NULL, 0, 0),
(3915, '施洋', 158, 11, '22864721442', '2023-09-01', '18073156689', NULL, 0, 0),
(3916, '孔倩', 158, 22, '23474434514', '2022-09-01', '18076052675', NULL, 0, 0),
(3917, '周倩', 158, 34, '22503857192', '2023-09-01', '18079939077', NULL, 0, 0),
(3918, '赵洋', 159, 11, '23687177392', '2024-09-01', '18027497747', NULL, 0, 0),
(3919, '陈哲', 159, 34, '24414853475', '2023-09-01', '18009759812', NULL, 0, 0),
(3920, '韩超', 159, 19, '23947583854', '2024-09-01', '18096518103', NULL, 0, 0),
(3921, '沈鹏俊', 159, 19, '22077733377', '2024-09-01', '18038151188', NULL, 0, 0),
(3922, '冯强', 160, 36, '22657803240', '2022-09-01', '18044235583', NULL, 0, 0),
(3923, '杨倩', 160, 40, '24625740531', '2022-09-01', '18074273184', NULL, 0, 0),
(3924, '吴雅宁', 160, 15, '22506882546', '2023-09-01', '18098137594', NULL, 0, 0),
(3925, '张磊琳', 160, 12, '23767909310', '2024-09-01', '18048323171', NULL, 0, 0),
(3926, '孔昊', 161, 12, '22280523552', '2022-09-01', '18033188322', NULL, 0, 0),
(3927, '陈萌哲', 161, 41, '23411222812', '2023-09-01', '18000456984', NULL, 0, 0),
(3928, '郑洋', 161, 18, '24028544564', '2022-09-01', '18012324076', NULL, 0, 0),
(3929, '朱萌', 161, 18, '23034377608', '2023-09-01', '18020505274', NULL, 0, 0),
(3930, '孙博', 162, 20, '24858333055', '2024-09-01', '18086586788', NULL, 0, 0),
(3931, '李萌', 162, 41, '22500279016', '2023-09-01', '18066474886', NULL, 0, 0),
(3932, '沈宁', 162, 23, '24111368153', '2023-09-01', '18072752764', NULL, 0, 0),
(3933, '施浩哲', 162, 23, '22659265545', '2023-09-01', '18016279884', NULL, 0, 0),
(3934, '陶鹏', 163, 23, '24917542452', '2024-09-01', '18074096566', NULL, 0, 0),
(3935, '赵文萌', 163, 20, '24226540316', '2023-09-01', '18058594981', NULL, 0, 0);
INSERT INTO `student` (`id`, `name`, `room_id`, `faculty_id`, `number`, `registration_date`, `phone`, `photo`, `is_leave`, `is_delete`) VALUES
(3936, '金文', 163, 38, '24107910534', '2023-09-01', '18077650914', NULL, 0, 0),
(3937, '孙强', 163, 39, '22620173558', '2023-09-01', '18000668152', NULL, 0, 0),
(3938, '沈博伟', 164, 39, '22962834125', '2024-09-01', '18035928815', NULL, 0, 0),
(3939, '吕伟', 164, 38, '22655119730', '2022-09-01', '18031771091', NULL, 0, 0),
(3940, '蒋哲', 164, 31, '24577008441', '2023-09-01', '18095692895', NULL, 0, 0),
(3941, '施睿旭', 164, 40, '24097175271', '2022-09-01', '18074636791', NULL, 0, 0),
(3942, '尤琳', 165, 41, '24828556034', '2024-09-01', '18008587868', NULL, 0, 0),
(3943, '褚磊', 165, 19, '23114281428', '2022-09-01', '18024594931', NULL, 0, 0),
(3944, '陈旭', 165, 18, '23559159646', '2023-09-01', '18011940711', NULL, 0, 0),
(3945, '秦磊宁', 165, 32, '22081244230', '2024-09-01', '18030148394', NULL, 0, 0),
(3946, '何浩', 166, 22, '22977937049', '2022-09-01', '18057988539', NULL, 0, 0),
(3947, '吴刚俊', 166, 36, '23277586039', '2024-09-01', '18060340864', NULL, 0, 0),
(3948, '沈浩昊', 166, 23, '23127684401', '2022-09-01', '18011245997', NULL, 0, 0),
(3949, '褚涛', 166, 23, '22689076203', '2022-09-01', '18053418776', NULL, 0, 0),
(3950, '王文', 167, 40, '24003256046', '2022-09-01', '18071045175', NULL, 0, 0),
(3951, '卫欣欣', 167, 39, '22952355899', '2024-09-01', '18034594829', NULL, 0, 0),
(3952, '钱欣', 167, 38, '24676415950', '2024-09-01', '18046552900', NULL, 0, 0),
(3953, '张欣倩', 167, 40, '22598848745', '2022-09-01', '18098352749', NULL, 0, 0),
(3954, '杨萌哲', 168, 32, '22626802862', '2022-09-01', '18039857005', NULL, 0, 0),
(3955, '施雅', 168, 10, '22883594537', '2024-09-01', '18036785419', NULL, 0, 0),
(3956, '陶琳', 168, 11, '24162395193', '2022-09-01', '18052658302', NULL, 0, 0),
(3957, '周昊', 168, 16, '23540732805', '2023-09-01', '18010458293', NULL, 0, 0),
(3958, '沈强睿', 169, 18, '22604698989', '2024-09-01', '18092134822', NULL, 0, 0),
(3959, '郑倩涛', 169, 39, '22037188907', '2024-09-01', '18002743483', NULL, 0, 0),
(3960, '严翔', 169, 11, '23886665112', '2022-09-01', '18032481878', NULL, 0, 0),
(3961, '周琦', 169, 23, '23688453656', '2023-09-01', '18036670426', NULL, 0, 0),
(3962, '张萌', 170, 22, '24531940136', '2022-09-01', '18096796352', NULL, 0, 0),
(3963, '吴翔', 170, 23, '22606447177', '2023-09-01', '18019381550', NULL, 0, 0),
(3964, '何琦', 170, 32, '22698994191', '2022-09-01', '18094997937', NULL, 0, 0),
(3965, '周鹏', 170, 34, '23788186569', '2024-09-01', '18098460629', NULL, 0, 0),
(3966, '何倩', 171, 10, '24869135585', '2022-09-01', '18049577963', NULL, 0, 0),
(3967, '蒋洋雅', 171, 32, '23213718801', '2024-09-01', '18060717447', NULL, 0, 0),
(3968, '吕伟', 171, 11, '22945319157', '2022-09-01', '18038505461', NULL, 0, 0),
(3969, '卫昊', 171, 38, '22090827763', '2022-09-01', '18030632698', NULL, 0, 0),
(3970, '钱鹏', 172, 35, '23101587329', '2022-09-01', '18046372647', NULL, 0, 0),
(3971, '许涛强', 172, 23, '22209685205', '2023-09-01', '18046155333', NULL, 0, 0),
(3972, '曹哲强', 172, 15, '22904418244', '2022-09-01', '18069253283', NULL, 0, 0),
(3973, '钱文', 172, 41, '24952728657', '2023-09-01', '18025819416', NULL, 0, 0),
(3974, '尤雅昊', 173, 18, '23119694124', '2024-09-01', '18066060502', NULL, 0, 0),
(3975, '陈萌', 173, 36, '24175324473', '2024-09-01', '18056306947', NULL, 0, 0),
(3976, '吴昊', 173, 38, '24544579593', '2022-09-01', '18090368734', NULL, 0, 0),
(3977, '曹俊', 173, 12, '22249174455', '2024-09-01', '18076607965', NULL, 0, 0),
(3978, '李磊', 174, 20, '23017605217', '2022-09-01', '18091900915', NULL, 0, 0),
(3979, '吕倩哲', 174, 40, '23943709537', '2024-09-01', '18051318312', NULL, 0, 0),
(3980, '冯鹏', 174, 40, '23788412260', '2023-09-01', '18048846871', NULL, 0, 0),
(3981, '孔旭', 174, 40, '23246264860', '2023-09-01', '18051963577', NULL, 0, 0),
(3982, '杨琦昊', 175, 20, '22254414769', '2023-09-01', '18018478011', NULL, 0, 0),
(3983, '褚旭旭', 175, 15, '24878003504', '2022-09-01', '18098136990', NULL, 0, 0),
(3984, '何磊', 175, 39, '23945917106', '2022-09-01', '18026211983', NULL, 0, 0),
(3985, '姜杰', 175, 39, '24862157081', '2022-09-01', '18047732986', NULL, 0, 0),
(3986, '朱旭', 176, 36, '23933781015', '2023-09-01', '18002163933', NULL, 0, 0),
(3987, '钱宁', 176, 10, '22530025911', '2024-09-01', '18099974853', NULL, 0, 0),
(3988, '何宁', 176, 36, '24452528210', '2023-09-01', '18090031253', NULL, 0, 0),
(3989, '沈磊琦', 176, 36, '23548447098', '2023-09-01', '18049125831', NULL, 0, 0),
(3990, '朱文', 177, 18, '22924594473', '2022-09-01', '18080166940', NULL, 0, 0),
(3991, '吕磊杰', 177, 10, '23746154474', '2023-09-01', '18004753427', NULL, 0, 0),
(3992, '王文', 177, 31, '23532515723', '2022-09-01', '18092167705', NULL, 0, 0),
(3993, '金涛涛', 177, 22, '22562772499', '2022-09-01', '18061556783', NULL, 0, 0),
(3994, '褚欣鹏', 178, 34, '24861433498', '2023-09-01', '18046546538', NULL, 0, 0),
(3995, '卫文欣', 178, 40, '24160742426', '2024-09-01', '18093925883', NULL, 0, 0),
(3996, '韩欣', 178, 16, '23212304699', '2023-09-01', '18010033609', NULL, 0, 0),
(3997, '李旭琦', 178, 23, '22903375064', '2022-09-01', '18073018840', NULL, 0, 0),
(3998, '冯琳洋', 179, 23, '22637653411', '2023-09-01', '18076094647', NULL, 0, 0),
(3999, '吴哲', 179, 10, '23833205721', '2023-09-01', '18064283324', NULL, 0, 0),
(4000, '吕洋', 179, 22, '23310160066', '2024-09-01', '18097358616', NULL, 0, 0),
(4001, '华俊', 179, 40, '22584252149', '2024-09-01', '18076027800', NULL, 0, 0),
(4002, '何鹏', 180, 39, '23682831937', '2022-09-01', '18096560419', NULL, 0, 0),
(4003, '周倩', 180, 38, '22854262579', '2022-09-01', '18094148306', NULL, 0, 0),
(4004, '卫昊', 180, 40, '24153644058', '2023-09-01', '18084721899', NULL, 0, 0),
(4005, '孙浩', 180, 39, '23765945013', '2024-09-01', '18091182931', NULL, 0, 0),
(4006, '赵杰', 181, 38, '23458826831', '2023-09-01', '18022203715', NULL, 0, 0),
(4007, '褚萌', 181, 16, '23058992014', '2022-09-01', '18004641423', NULL, 0, 0),
(4008, '陶鹏', 181, 19, '23100659861', '2023-09-01', '18074129282', NULL, 0, 0),
(4009, '郑超', 181, 32, '23410027309', '2024-09-01', '18022323942', NULL, 0, 0),
(4010, '赵翔', 182, 31, '23582996002', '2023-09-01', '18024816155', NULL, 0, 0),
(4011, '孙涛', 182, 39, '22194423184', '2023-09-01', '18000846641', NULL, 0, 0),
(4012, '王博', 182, 34, '22872820722', '2024-09-01', '18077596503', NULL, 0, 0),
(4013, '杨翔', 182, 34, '24192142217', '2023-09-01', '18090474191', NULL, 0, 0),
(4014, '陈文', 183, 35, '23405440478', '2023-09-01', '18045297296', NULL, 0, 0),
(4015, '吕洋', 183, 39, '24777937035', '2022-09-01', '18097028230', NULL, 0, 0),
(4016, '沈雅', 183, 31, '23302079341', '2022-09-01', '18069053490', NULL, 0, 0),
(4017, '吕旭俊', 183, 23, '22477539464', '2024-09-01', '18071574768', NULL, 0, 0),
(4018, '秦倩', 184, 32, '24054837565', '2023-09-01', '18070538990', NULL, 0, 0),
(4019, '孔琳超', 184, 38, '22331052213', '2022-09-01', '18081651253', NULL, 0, 0),
(4020, '蒋昊', 184, 35, '24357911827', '2024-09-01', '18046850144', NULL, 0, 0),
(4021, '何萌哲', 184, 23, '24069441261', '2023-09-01', '18069450489', NULL, 0, 0),
(4022, '蒋萌', 185, 12, '24420388054', '2024-09-01', '18076800013', NULL, 0, 0),
(4023, '王洋', 185, 23, '24329202652', '2024-09-01', '18064082875', NULL, 0, 0),
(4024, '赵翔', 185, 38, '22732103707', '2023-09-01', '18037919416', NULL, 0, 0),
(4025, '孙杰', 185, 19, '22038288644', '2023-09-01', '18059510491', NULL, 0, 0),
(4026, '吴宁', 186, 23, '23683185135', '2023-09-01', '18055636936', NULL, 0, 0),
(4027, '陶浩鹏', 186, 22, '24528775500', '2022-09-01', '18095621303', NULL, 0, 0),
(4028, '曹萌倩', 186, 41, '22588929720', '2023-09-01', '18055149067', NULL, 0, 0),
(4029, '沈睿哲', 186, 41, '24056125177', '2024-09-01', '18012387475', NULL, 0, 0),
(4030, '冯琦哲', 187, 22, '22637579845', '2023-09-01', '18003160138', NULL, 0, 0),
(4031, '周鹏', 187, 41, '22696042160', '2023-09-01', '18036162441', NULL, 0, 0),
(4032, '孙强', 187, 19, '24802076497', '2024-09-01', '18008204573', NULL, 0, 0),
(4033, '王萌', 187, 41, '24671441123', '2023-09-01', '18083940839', NULL, 0, 0),
(4034, '周洋', 188, 36, '24795611393', '2023-09-01', '18011947829', NULL, 0, 0),
(4035, '李俊', 188, 31, '24036517540', '2024-09-01', '18049317916', NULL, 0, 0),
(4036, '陶旭琳', 188, 23, '24291304547', '2023-09-01', '18008627156', NULL, 0, 0),
(4037, '钱超欣', 188, 38, '23424208222', '2023-09-01', '18091332875', NULL, 0, 0),
(4038, '姜宁', 189, 11, '22202716558', '2022-09-01', '18035915237', NULL, 0, 0),
(4039, '陶倩', 189, 15, '23131746060', '2023-09-01', '18089685739', NULL, 0, 0),
(4040, '吕洋', 189, 23, '23199242200', '2023-09-01', '18040236262', NULL, 0, 0),
(4041, '吕涛', 189, 39, '22412718619', '2023-09-01', '18019506303', NULL, 0, 0),
(4042, '华雅', 190, 22, '24646216357', '2022-09-01', '18044512103', NULL, 0, 0),
(4043, '张雅宁', 190, 12, '23810786669', '2024-09-01', '18028181161', NULL, 0, 0),
(4044, '张浩琳', 190, 22, '22104432733', '2023-09-01', '18001231320', NULL, 0, 0),
(4045, '曹鹏', 190, 11, '24080274159', '2024-09-01', '18084491959', NULL, 0, 0),
(4046, '吴超琳', 191, 22, '23648241666', '2023-09-01', '18031877640', NULL, 0, 0),
(4047, '孔博', 191, 31, '22829160899', '2024-09-01', '18076898871', NULL, 0, 0),
(4048, '沈伟强', 191, 35, '24977515464', '2023-09-01', '18037294477', NULL, 0, 0),
(4049, '施磊', 191, 36, '23411560357', '2024-09-01', '18075380630', NULL, 0, 0),
(4050, '褚雅', 192, 34, '24289671419', '2024-09-01', '18034949472', NULL, 0, 0),
(4051, '钱杰', 192, 19, '24698109305', '2022-09-01', '18036581697', NULL, 0, 0),
(4052, '韩琦', 192, 38, '23297638175', '2024-09-01', '18008143158', NULL, 0, 0),
(4053, '周昊', 192, 11, '24690897272', '2023-09-01', '18020942411', NULL, 0, 0),
(4054, '许睿博', 193, 36, '23933450356', '2022-09-01', '18075246619', NULL, 0, 0),
(4055, '严旭', 193, 32, '24206180899', '2022-09-01', '18058103741', NULL, 0, 0),
(4056, '秦昊', 193, 41, '22106394466', '2023-09-01', '18012910037', NULL, 0, 0),
(4057, '陶萌欣', 193, 23, '23808519698', '2022-09-01', '18001680364', NULL, 0, 0),
(4058, '周刚', 194, 18, '24790058181', '2024-09-01', '18060361467', NULL, 0, 0),
(4059, '陶哲翔', 194, 15, '22692450717', '2022-09-01', '18035055421', NULL, 0, 0),
(4060, '姜磊哲', 194, 34, '23893133001', '2024-09-01', '18008222500', NULL, 0, 0),
(4061, '何宁', 194, 31, '23740427103', '2022-09-01', '18017590073', NULL, 0, 0),
(4062, '王博', 195, 35, '24316110674', '2023-09-01', '18053568869', NULL, 0, 0),
(4063, '蒋琦', 195, 36, '24551576513', '2023-09-01', '18070440770', NULL, 0, 0),
(4064, '张俊', 195, 41, '24062992839', '2023-09-01', '18066114501', NULL, 0, 0),
(4065, '秦宁欣', 195, 36, '23392091704', '2024-09-01', '18043799875', NULL, 0, 0),
(4066, '韩杰涛', 196, 10, '24363467580', '2022-09-01', '18088871682', NULL, 0, 0),
(4067, '华浩', 196, 22, '24438562072', '2023-09-01', '18039603781', NULL, 0, 0),
(4068, '孙鹏', 196, 35, '24229855040', '2023-09-01', '18014548810', NULL, 0, 0),
(4069, '赵睿超', 196, 15, '22833219811', '2024-09-01', '18033259961', NULL, 0, 0),
(4070, '冯哲', 197, 11, '24497039534', '2023-09-01', '18072735012', NULL, 0, 0),
(4071, '金萌', 197, 20, '23973184652', '2024-09-01', '18005457978', NULL, 0, 0),
(4072, '郑洋', 197, 10, '22112284773', '2024-09-01', '18072484112', NULL, 0, 0),
(4073, '褚欣', 197, 31, '24969994986', '2022-09-01', '18025340846', NULL, 0, 0),
(4074, '韩萌', 198, 40, '24743930781', '2024-09-01', '18061332945', NULL, 0, 0),
(4075, '褚浩', 198, 20, '23460632153', '2024-09-01', '18039160164', NULL, 0, 0),
(4076, '施萌', 198, 10, '24381161366', '2022-09-01', '18005297927', NULL, 0, 0),
(4077, '朱洋睿', 198, 12, '23150711205', '2022-09-01', '18051053559', NULL, 0, 0),
(4078, '王睿睿', 199, 18, '23053221683', '2023-09-01', '18032382233', NULL, 0, 0),
(4079, '冯磊', 199, 18, '24619198826', '2022-09-01', '18033343295', NULL, 0, 0),
(4080, '陈涛', 199, 22, '23821474809', '2024-09-01', '18050431759', NULL, 0, 0),
(4081, '郑昊宁', 199, 23, '24675338959', '2024-09-01', '18036750423', NULL, 0, 0),
(4082, '沈倩', 200, 20, '24672614717', '2023-09-01', '18025814405', NULL, 0, 0),
(4083, '吕洋', 200, 38, '23725203136', '2022-09-01', '18041091995', NULL, 0, 0),
(4084, '魏涛旭', 200, 18, '22758799271', '2023-09-01', '18072825968', NULL, 0, 0),
(4085, '杨超', 200, 15, '23585782358', '2022-09-01', '18066861587', NULL, 0, 0),
(4086, '施杰', 201, 22, '22792478873', '2024-09-01', '18009565465', NULL, 0, 0),
(4087, '施旭', 201, 38, '22468809772', '2024-09-01', '18048921281', NULL, 0, 0),
(4088, '吴超', 201, 36, '23888267723', '2022-09-01', '18009399238', NULL, 0, 0),
(4089, '褚哲涛', 201, 23, '23044703256', '2023-09-01', '18012614023', NULL, 0, 0),
(4090, '吕磊', 202, 11, '23187555564', '2023-09-01', '18066809062', NULL, 0, 0),
(4091, '赵博', 202, 36, '24889163933', '2024-09-01', '18094508373', NULL, 0, 0),
(4092, '吕哲', 202, 41, '22520893795', '2022-09-01', '18001764624', NULL, 0, 0),
(4093, '何昊', 202, 12, '22631801820', '2023-09-01', '18083426579', NULL, 0, 0),
(4094, '华超', 203, 36, '24243405979', '2023-09-01', '18057152601', NULL, 0, 0),
(4095, '金磊', 203, 23, '24092639695', '2024-09-01', '18010654883', NULL, 0, 0),
(4096, '褚欣', 203, 34, '23208690885', '2022-09-01', '18020391789', NULL, 0, 0),
(4097, '卫宁', 203, 41, '24434435711', '2023-09-01', '18061587111', NULL, 0, 0),
(4098, '韩旭', 204, 18, '24013083542', '2024-09-01', '18052356348', NULL, 0, 0),
(4099, '许俊宁', 204, 23, '22525292660', '2023-09-01', '18044611804', NULL, 0, 0),
(4100, '沈萌', 204, 10, '22831999814', '2023-09-01', '18040969421', NULL, 0, 0),
(4101, '周鹏', 204, 18, '24761853010', '2022-09-01', '18094195578', NULL, 0, 0),
(4102, '周俊', 205, 41, '23627019450', '2023-09-01', '18099797754', NULL, 0, 0),
(4103, '华琳', 205, 40, '22445207825', '2022-09-01', '18095647738', NULL, 0, 0),
(4104, '张强刚', 205, 32, '24483729971', '2024-09-01', '18074269073', NULL, 0, 0),
(4105, '朱哲', 205, 36, '23483471270', '2024-09-01', '18008169848', NULL, 0, 0),
(4106, '周杰昊', 206, 31, '22544510937', '2024-09-01', '18021459951', NULL, 0, 0),
(4107, '孔昊', 206, 38, '24077834650', '2023-09-01', '18002527024', NULL, 0, 0),
(4108, '魏旭伟', 206, 34, '22405757165', '2022-09-01', '18092522947', NULL, 0, 0),
(4109, '许文', 206, 22, '24170900587', '2024-09-01', '18018112909', NULL, 0, 0),
(4110, '吴昊', 207, 11, '22419121817', '2024-09-01', '18036541547', NULL, 0, 0),
(4111, '秦琳洋', 207, 36, '24135081464', '2023-09-01', '18058249044', NULL, 0, 0),
(4112, '尤超哲', 207, 20, '22776438460', '2023-09-01', '18043222580', NULL, 0, 0),
(4113, '吴超', 207, 12, '23432172505', '2023-09-01', '18004034456', NULL, 0, 0),
(4114, '何倩', 208, 19, '23431291477', '2024-09-01', '18020962065', NULL, 0, 0),
(4115, '李浩文', 208, 38, '22190566025', '2024-09-01', '18025202953', NULL, 0, 0),
(4116, '沈宁杰', 208, 20, '24366182647', '2022-09-01', '18042425667', NULL, 0, 0),
(4117, '姜欣', 208, 19, '24026939287', '2022-09-01', '18061314186', NULL, 0, 0),
(4118, '华旭旭', 209, 18, '24885166947', '2023-09-01', '18010334140', NULL, 1, 0),
(4119, '李超涛', 209, 22, '24651506350', '2024-09-01', '18045480304', NULL, 0, 0),
(4120, '孙萌', 209, 23, '24130327466', '2024-09-01', '18013868415', NULL, 0, 0),
(4121, '韩浩', 209, 39, '23579900665', '2022-09-01', '18029945893', NULL, 0, 0),
(4122, '吕洋', 210, 16, '23960777122', '2022-09-01', '18030345131', NULL, 0, 0),
(4123, '郑博杰', 210, 23, '24541470077', '2024-09-01', '18099850740', NULL, 0, 0),
(4124, '何翔博', 210, 40, '22167519170', '2022-09-01', '18094601385', NULL, 0, 0),
(4125, '姜睿', 210, 16, '24836861947', '2022-09-01', '18068416123', NULL, 0, 0),
(4126, '王雅', 211, 40, '23530850264', '2022-09-01', '18058224589', NULL, 0, 0),
(4127, '孔旭浩', 211, 23, '24594886378', '2023-09-01', '18087660450', NULL, 0, 0),
(4128, '陈睿', 211, 12, '24834585254', '2023-09-01', '18052577585', NULL, 0, 0),
(4129, '杨涛', 211, 40, '22339592140', '2023-09-01', '18013009455', NULL, 0, 0),
(4130, '吕博', 212, 34, '24930731987', '2024-09-01', '18074749068', NULL, 0, 0),
(4131, '姜磊文', 212, 15, '22065214678', '2024-09-01', '18074542876', NULL, 0, 0),
(4132, '张超', 212, 36, '22153530242', '2023-09-01', '18085729932', NULL, 0, 0),
(4133, '冯涛', 212, 23, '23563379934', '2022-09-01', '18032228457', NULL, 0, 0),
(4134, '姜欣伟', 213, 23, '22064432965', '2022-09-01', '18082542992', NULL, 0, 0),
(4135, '王磊伟', 213, 32, '24416467165', '2023-09-01', '18044616300', NULL, 0, 0),
(4136, '吕博涛', 213, 20, '23240748570', '2024-09-01', '18089154806', NULL, 0, 0),
(4137, '吕雅', 213, 23, '22788063992', '2024-09-01', '18024031049', NULL, 0, 0),
(4138, '杨琦', 214, 11, '24355776344', '2024-09-01', '18026712591', NULL, 0, 0),
(4139, '张翔睿', 214, 10, '23400790827', '2023-09-01', '18054116504', NULL, 0, 0),
(4140, '张旭', 214, 23, '22493545389', '2024-09-01', '18088408367', NULL, 0, 0),
(4141, '施鹏', 214, 23, '23678736229', '2023-09-01', '18016846152', NULL, 0, 0),
(4142, '卫雅', 215, 32, '22813843181', '2024-09-01', '18010239586', NULL, 0, 0),
(4143, '沈浩', 215, 15, '24371682975', '2023-09-01', '18061443516', NULL, 0, 0),
(4144, '孔翔', 215, 36, '22232354037', '2022-09-01', '18051866915', NULL, 0, 0),
(4145, '朱倩', 215, 40, '22544135135', '2023-09-01', '18099882790', NULL, 0, 0),
(4146, '郑伟', 216, 10, '23438145175', '2024-09-01', '18012231979', NULL, 0, 0),
(4147, '吕琦超', 216, 16, '22704378031', '2023-09-01', '18018890069', NULL, 0, 0),
(4148, '魏涛', 216, 31, '22059784932', '2024-09-01', '18014842223', NULL, 0, 0),
(4149, '严洋', 216, 12, '23002744414', '2023-09-01', '18066709234', NULL, 0, 0),
(4150, '严超欣', 217, 19, '24482296397', '2024-09-01', '18016123505', NULL, 0, 0),
(4151, '陶旭', 217, 31, '23164409423', '2024-09-01', '18023978315', NULL, 0, 0),
(4152, '吕哲', 217, 32, '22322051423', '2024-09-01', '18067978772', NULL, 0, 0),
(4153, '钱昊', 217, 41, '24036196379', '2024-09-01', '18011670755', NULL, 0, 0),
(4154, '郑杰杰', 218, 12, '24503995483', '2022-09-01', '18062826440', NULL, 0, 0),
(4155, '韩刚', 218, 32, '22374528181', '2024-09-01', '18084612989', NULL, 0, 0),
(4156, '严鹏涛', 218, 35, '23775731371', '2022-09-01', '18014542443', NULL, 0, 0),
(4157, '朱鹏', 218, 34, '22335438603', '2024-09-01', '18041809626', NULL, 0, 0),
(4158, '陈萌', 219, 20, '22232963117', '2024-09-01', '18091720254', NULL, 0, 0),
(4159, '李刚', 219, 11, '23605717430', '2024-09-01', '18077814369', NULL, 0, 0),
(4160, '韩琦', 219, 39, '23666736555', '2024-09-01', '18065108467', NULL, 0, 0),
(4161, '秦萌', 219, 11, '23795132315', '2022-09-01', '18024112358', NULL, 0, 0),
(4162, '曹昊', 220, 12, '22056179458', '2023-09-01', '18078848115', NULL, 0, 0),
(4163, '姜文', 220, 41, '24468158731', '2024-09-01', '18093367316', NULL, 0, 0),
(4164, '许哲刚', 220, 31, '23335582873', '2023-09-01', '18018174740', NULL, 0, 0),
(4165, '许琦', 220, 23, '23412861809', '2024-09-01', '18051902262', NULL, 0, 0),
(4166, '张鹏', 221, 32, '24869386070', '2023-09-01', '18002896765', NULL, 0, 0),
(4167, '褚文', 221, 12, '24525741637', '2022-09-01', '18082407813', NULL, 0, 0),
(4168, '陶鹏', 221, 12, '23004960269', '2023-09-01', '18013548391', NULL, 0, 0),
(4169, '陶欣', 221, 39, '22081743206', '2024-09-01', '18053154948', NULL, 0, 0),
(4170, '陶雅欣', 222, 31, '23087753676', '2023-09-01', '18048418406', NULL, 0, 0),
(4171, '张哲', 222, 41, '23469162028', '2024-09-01', '18017880111', NULL, 0, 0),
(4172, '严宁', 222, 18, '24645833715', '2022-09-01', '18089753958', NULL, 0, 0),
(4173, '沈旭', 222, 34, '23064655153', '2023-09-01', '18012220857', NULL, 0, 0),
(4174, '韩浩洋', 223, 32, '23571756045', '2023-09-01', '18057895021', NULL, 0, 0),
(4175, '孔昊', 223, 38, '23403311200', '2022-09-01', '18021145180', NULL, 0, 0),
(4176, '卫文', 223, 10, '22347892502', '2023-09-01', '18050693777', NULL, 0, 0),
(4177, '赵昊', 223, 36, '22198187338', '2023-09-01', '18072173026', NULL, 0, 0),
(4178, '郑萌', 224, 10, '22336663786', '2024-09-01', '18021452108', NULL, 0, 0),
(4179, '冯俊', 224, 41, '22929576426', '2022-09-01', '18080271825', NULL, 0, 0),
(4180, '蒋宁', 224, 38, '24382035833', '2023-09-01', '18095591698', NULL, 0, 0),
(4181, '尤浩洋', 224, 39, '24852612415', '2023-09-01', '18053862307', NULL, 0, 0),
(4182, '周文', 225, 11, '22810124541', '2023-09-01', '18064995979', NULL, 0, 0),
(4183, '赵俊', 225, 36, '22085069881', '2022-09-01', '18069078515', NULL, 0, 0),
(4184, '王涛', 225, 39, '22558671352', '2024-09-01', '18094148719', NULL, 0, 0),
(4185, '陶欣', 225, 34, '22947037194', '2022-09-01', '18013681076', NULL, 0, 0),
(4186, '陶翔', 226, 11, '22314027436', '2022-09-01', '18023664528', NULL, 0, 0),
(4187, '秦昊', 226, 22, '23907318716', '2023-09-01', '18037142273', NULL, 0, 0),
(4188, '赵刚', 226, 19, '22893274269', '2024-09-01', '18089426087', NULL, 0, 0),
(4189, '吴哲', 226, 39, '22400671108', '2023-09-01', '18062521408', NULL, 0, 0),
(4190, '严文超', 227, 16, '24318523688', '2022-09-01', '18079934970', NULL, 0, 0),
(4191, '华萌超', 227, 11, '22377305707', '2023-09-01', '18054555189', NULL, 0, 0),
(4192, '蒋鹏', 227, 22, '23558931517', '2022-09-01', '18038725311', NULL, 0, 0),
(4193, '陈伟', 227, 18, '23961252835', '2024-09-01', '18082757828', NULL, 0, 0),
(4194, '尤杰', 228, 40, '24668521188', '2024-09-01', '18055313825', NULL, 0, 0),
(4195, '蒋博浩', 228, 38, '24975510454', '2022-09-01', '18003413477', NULL, 0, 0),
(4196, '姜倩', 228, 35, '24727494179', '2024-09-01', '18057713762', NULL, 0, 0),
(4197, '郑鹏', 228, 23, '22118576684', '2023-09-01', '18078772625', NULL, 0, 0),
(4198, '李刚', 229, 38, '23154969070', '2022-09-01', '18041313365', NULL, 0, 0),
(4199, '褚哲', 229, 16, '23865094059', '2024-09-01', '18023536827', NULL, 0, 0),
(4200, '尤洋', 229, 40, '23443759036', '2024-09-01', '18035123501', NULL, 0, 0),
(4201, '周琳', 229, 32, '24119520620', '2023-09-01', '18087663613', NULL, 0, 0),
(4202, '何磊', 230, 36, '24330352557', '2023-09-01', '18029033201', NULL, 0, 0),
(4203, '赵萌', 230, 40, '23281686567', '2022-09-01', '18013824843', NULL, 0, 0),
(4204, '魏强', 230, 15, '23259494604', '2022-09-01', '18021603868', NULL, 0, 0),
(4205, '陶俊萌', 230, 34, '22832360789', '2024-09-01', '18092399946', NULL, 0, 0),
(4206, '何睿', 231, 40, '24011916111', '2022-09-01', '18008955443', NULL, 0, 0),
(4207, '秦博', 231, 12, '24598197941', '2023-09-01', '18030715380', NULL, 0, 0),
(4208, '冯涛琳', 231, 31, '22786895427', '2022-09-01', '18019279522', NULL, 0, 0),
(4209, '孙浩翔', 231, 39, '22409414615', '2022-09-01', '18080206432', NULL, 1, 0),
(4210, '严刚', 232, 22, '23398972476', '2023-09-01', '18058372527', NULL, 0, 0),
(4211, '沈琦', 232, 19, '24973645320', '2023-09-01', '18045940984', NULL, 0, 0),
(4212, '张俊欣', 232, 41, '24465284208', '2024-09-01', '18008071439', NULL, 0, 0),
(4213, '金伟', 232, 12, '23813793250', '2022-09-01', '18047628404', NULL, 0, 0),
(4214, '郑文刚', 233, 22, '24197430745', '2022-09-01', '18061926098', NULL, 0, 0),
(4215, '王萌', 233, 39, '24320138302', '2022-09-01', '18023845042', NULL, 0, 0),
(4216, '许睿', 233, 32, '23468724386', '2024-09-01', '18051631053', NULL, 0, 0),
(4217, '严昊', 233, 22, '23429034815', '2023-09-01', '18015889131', NULL, 0, 0),
(4218, '韩磊', 234, 19, '22760271881', '2022-09-01', '18018430792', NULL, 0, 0),
(4219, '严洋', 234, 31, '22178503476', '2023-09-01', '18020087659', NULL, 0, 0),
(4220, '王刚雅', 234, 35, '24363900487', '2022-09-01', '18036547507', NULL, 0, 0),
(4221, '孔俊', 234, 19, '24978481956', '2023-09-01', '18054699695', NULL, 0, 0),
(4222, '王伟', 235, 11, '23833429164', '2024-09-01', '18003473045', NULL, 0, 0),
(4223, '姜睿', 235, 35, '23239749063', '2024-09-01', '18039349482', NULL, 0, 0),
(4224, '张琳', 235, 10, '22689987869', '2022-09-01', '18094761714', NULL, 0, 0),
(4225, '许超', 235, 35, '24050052974', '2024-09-01', '18037084373', NULL, 0, 0),
(4226, '朱强', 236, 36, '23483816327', '2024-09-01', '18040054498', NULL, 0, 0),
(4227, '卫涛', 236, 35, '24246583299', '2023-09-01', '18016728016', NULL, 0, 0),
(4228, '周文', 236, 31, '24576000490', '2022-09-01', '18086421954', NULL, 0, 0),
(4229, '蒋欣', 236, 34, '22502162321', '2022-09-01', '18048059721', NULL, 0, 0),
(4230, '许洋', 237, 38, '23810802568', '2022-09-01', '18003428028', NULL, 0, 0),
(4231, '王欣', 237, 38, '23986224069', '2023-09-01', '18017999159', NULL, 0, 0),
(4232, '陈倩欣', 237, 16, '24697812822', '2024-09-01', '18009274989', NULL, 0, 0),
(4233, '尤伟', 237, 16, '24763946690', '2024-09-01', '18028258306', NULL, 0, 0),
(4234, '吕哲涛', 238, 34, '24640517659', '2023-09-01', '18036295523', NULL, 0, 0),
(4235, '陶伟雅', 238, 32, '24702093701', '2024-09-01', '18091860600', NULL, 0, 0),
(4236, '许琦', 238, 16, '23590292048', '2023-09-01', '18021306877', NULL, 0, 0),
(4237, '杨博', 238, 34, '22081880718', '2024-09-01', '18062191432', NULL, 0, 0),
(4238, '孙倩睿', 239, 38, '22740364365', '2024-09-01', '18060029651', NULL, 0, 0),
(4239, '赵博鹏', 239, 40, '23186679025', '2024-09-01', '18035183008', NULL, 0, 0),
(4240, '钱超杰', 239, 32, '23020585143', '2023-09-01', '18091794759', NULL, 0, 0),
(4241, '施旭睿', 239, 22, '24046395663', '2023-09-01', '18006242933', NULL, 0, 0),
(4242, '李昊', 240, 22, '23549278130', '2023-09-01', '18054514521', NULL, 0, 0),
(4243, '杨俊', 240, 40, '23306998119', '2024-09-01', '18047774082', NULL, 0, 0),
(4244, '郑超睿', 240, 10, '24210120098', '2023-09-01', '18063302744', NULL, 0, 0),
(4245, '何欣', 240, 10, '24043187810', '2024-09-01', '18074482047', NULL, 0, 0),
(4246, '韩超', 241, 39, '23460017137', '2023-09-01', '18003281705', NULL, 0, 0),
(4247, '曹洋', 241, 16, '23644323967', '2024-09-01', '18016891014', NULL, 0, 0),
(4248, '卫超伟', 241, 35, '23025443664', '2022-09-01', '18000815245', NULL, 0, 0),
(4249, '严欣', 241, 35, '23913798171', '2024-09-01', '18078754221', NULL, 0, 0),
(4250, '许洋', 242, 20, '23814169145', '2022-09-01', '18069282507', NULL, 0, 0),
(4251, '华强欣', 242, 16, '22532422843', '2024-09-01', '18079449300', NULL, 0, 0),
(4252, '朱浩', 242, 40, '23517030692', '2022-09-01', '18055289870', NULL, 0, 0),
(4253, '卫超', 242, 39, '22854235715', '2022-09-01', '18052274731', NULL, 0, 0),
(4254, '周强', 243, 32, '22087059351', '2024-09-01', '18008008273', NULL, 0, 0),
(4255, '卫文', 243, 31, '24781141127', '2024-09-01', '18078735594', NULL, 0, 0),
(4256, '华雅', 243, 22, '23007628950', '2023-09-01', '18018505492', NULL, 0, 0),
(4257, '赵雅', 243, 12, '24043912543', '2023-09-01', '18078959958', NULL, 0, 0),
(4258, '姜磊', 244, 40, '23796004217', '2023-09-01', '18000112920', NULL, 0, 0),
(4259, '郑萌', 244, 10, '23866802870', '2022-09-01', '18043675480', NULL, 0, 0),
(4260, '姜睿', 244, 11, '22826758661', '2023-09-01', '18000605064', NULL, 0, 0),
(4261, '孔倩', 244, 39, '24687032655', '2024-09-01', '18031634061', NULL, 0, 0),
(4262, '韩雅', 245, 12, '23768782763', '2023-09-01', '18053530050', NULL, 0, 0),
(4263, '魏俊', 245, 41, '23237368771', '2022-09-01', '18089656522', NULL, 0, 0),
(4264, '李杰', 245, 22, '23344526221', '2022-09-01', '18034071061', NULL, 0, 0),
(4265, '李俊', 245, 22, '24064582752', '2023-09-01', '18004619900', NULL, 0, 0),
(4266, '沈宁雅', 246, 18, '23670998485', '2024-09-01', '18099585626', NULL, 0, 0),
(4267, '华旭', 246, 19, '24716773557', '2023-09-01', '18066321032', NULL, 0, 0),
(4268, '孙超', 246, 10, '24660329571', '2022-09-01', '18041445141', NULL, 0, 0),
(4269, '张琦', 246, 31, '23332963369', '2023-09-01', '18012544940', NULL, 0, 0),
(4270, '严琳', 247, 38, '24837955904', '2023-09-01', '18071051573', NULL, 0, 0),
(4271, '姜哲鹏', 247, 19, '24625047467', '2024-09-01', '18082138232', NULL, 0, 0),
(4272, '孙杰', 247, 22, '23813754590', '2024-09-01', '18024782443', NULL, 0, 0),
(4273, '赵睿鹏', 247, 40, '23452046509', '2024-09-01', '18028197168', NULL, 0, 0),
(4274, '华磊', 248, 34, '23566794950', '2023-09-01', '18005163499', NULL, 0, 0),
(4275, '吕睿萌', 248, 41, '24069428933', '2024-09-01', '18032393971', NULL, 1, 0),
(4276, '华旭', 248, 10, '22453426338', '2024-09-01', '18018520168', NULL, 0, 0),
(4277, '曹洋强', 248, 35, '23928925452', '2023-09-01', '18030521324', NULL, 1, 0),
(4278, '卫强', 249, 39, '22939615013', '2023-09-01', '18003413827', NULL, 0, 0),
(4279, '姜萌', 249, 19, '23021073682', '2024-09-01', '18043656294', NULL, 0, 0),
(4280, '蒋磊', 249, 31, '23674610306', '2024-09-01', '18086849284', NULL, 1, 0),
(4281, '韩昊博', 249, 35, '23131623443', '2022-09-01', '18088816011', NULL, 0, 0),
(4282, '魏翔', 250, 20, '24671872942', '2023-09-01', '18041765773', NULL, 0, 0),
(4283, '何哲', 250, 38, '22208112953', '2022-09-01', '18063443492', NULL, 0, 0),
(4284, '赵睿', 250, 10, '23988251205', '2022-09-01', '18044953934', NULL, 0, 0),
(4285, '沈昊', 250, 10, '23207469491', '2022-09-01', '18092253127', NULL, 0, 0);

-- --------------------------------------------------------

--
-- 表的结构 `system_function`
--

CREATE TABLE IF NOT EXISTS `system_function` (
  `id` bigint NOT NULL,
  `name` varchar(20) CHARACTER SET utf8 COLLATE utf8_general_ci NOT NULL,
  `parent_id` bigint unsigned DEFAULT NULL,
  `order_num` int DEFAULT NULL,
  `path` varchar(120) CHARACTER SET utf8 COLLATE utf8_general_ci DEFAULT NULL,
  `component` varchar(120) CHARACTER SET utf8 COLLATE utf8_general_ci DEFAULT NULL,
  `menu_type` varchar(1) CHARACTER SET utf8 COLLATE utf8_general_ci NOT NULL COMMENT '菜单类型（M目录 C菜单 F按钮）',
  `permission` varchar(120) CHARACTER SET utf8 COLLATE utf8_general_ci DEFAULT NULL,
  `icon` varchar(120) CHARACTER SET utf8 COLLATE utf8_general_ci DEFAULT NULL,
  `create_time` datetime DEFAULT NULL
) ENGINE=InnoDB AUTO_INCREMENT=101 DEFAULT CHARSET=utf8mb3 ROW_FORMAT=DYNAMIC;

--
-- 转存表中的数据 `system_function`
--

INSERT INTO `system_function` (`id`, `name`, `parent_id`, `order_num`, `path`, `component`, `menu_type`, `permission`, `icon`, `create_time`) VALUES
(2, '系统管理', NULL, 7, NULL, NULL, 'M', NULL, 'icon-r-setting', '2020-12-09 11:07:14'),
(3, '用户管理', 2, 1, 'system/user/index.html', 'views/system/user/index', 'C', 'system:user:list', 'icon-r-user1', '2020-12-10 09:46:31'),
(4, '角色管理', 2, 2, 'system/role/index.html', 'views/system/role/index', 'C', 'system:role:list', 'icon-r-user3', '2020-12-10 09:48:07'),
(5, '菜单管理', 2, 3, 'system/function/index', 'views/system/function/index', 'C', 'system:function:list', 'icon-r-list', '2020-12-10 09:50:13'),
(6, '用户添加', 3, 1, '', '', 'F', 'system:user:save', NULL, '2020-12-18 13:06:04'),
(7, '用户修改', 3, 2, NULL, NULL, 'F', 'system:user:update', NULL, '2020-12-18 13:06:50'),
(8, '用户删除', 3, 2, NULL, NULL, 'F', 'system:user:delete', NULL, '2020-12-18 13:07:15'),
(10, '角色添加', 4, 1, NULL, NULL, 'F', 'system:role:save', NULL, '2020-12-18 13:34:18'),
(11, '角色修改', 4, 2, NULL, NULL, 'F', 'system:role:update', NULL, '2020-12-18 13:34:32'),
(12, '角色删除', 4, 3, NULL, NULL, 'F', 'system:role:delete', NULL, '2020-12-18 13:34:45'),
(13, '角色查询', 4, 4, NULL, NULL, 'F', 'system:role:query', NULL, '2020-12-18 13:34:57'),
(14, '用户查询', 3, 4, NULL, NULL, 'F', 'system:user:query', NULL, '2020-12-18 13:34:04'),
(15, '菜单添加', 5, 1, NULL, NULL, 'F', 'system:function:save', NULL, '2020-12-18 15:14:18'),
(16, '菜单修改', 5, 2, NULL, NULL, 'F', 'system:function:update', NULL, '2020-12-18 15:14:21'),
(17, '菜单删除', 5, 3, NULL, NULL, 'F', 'system:function:delete', NULL, '2020-12-18 15:14:24'),
(18, '菜单查询', 5, 4, NULL, NULL, 'F', 'system:function:query', NULL, '2020-12-18 15:14:26'),
(38, '日志管理', 2, 4, 'system/log/index.html', 'views/system/log/index', 'C', 'system:log:list', 'icon-r-paper', '2020-12-30 13:49:37'),
(44, '日志查询', 38, 1, '', '', 'F', 'system:log:query', '', '2021-01-08 11:45:42'),
(45, '学生宿舍管理', NULL, 0, '', '', 'M', '', 'icon-r-add', '2021-01-19 13:43:28'),
(46, '宿舍楼管理', 45, 2, 'building/index.html', 'views/manage/building/index', 'C', 'manage:building:list', 'icon-r-home', '2021-01-19 13:47:12'),
(47, '新增', 46, 1, '', '', 'F', 'manage:building:save', '', '2021-01-19 13:52:59'),
(48, '更新', 46, 2, '', '', 'F', 'manage:building:update', '', '2021-01-19 13:53:35'),
(49, '删除', 46, 3, '', '', 'F', 'manage:building:delete', '', '2021-01-19 13:53:55'),
(50, '查询', 46, 4, '', '', 'F', 'manage:building:query', '', '2021-01-19 13:54:21'),
(51, '班级管理', 45, 1, 'faculty/index.html', 'views/manage/faculty/index', 'C', 'faculty:list', 'icon-r-mark1', '2021-01-19 15:22:22'),
(52, '新增学院', 51, 1, '', '', 'F', 'faculty:save', '', '2021-01-19 17:06:11'),
(53, '删除学院', 51, 2, '', '', 'F', 'faculty:delete', '', '2021-01-19 17:06:41'),
(54, '查询学院', 51, 3, '', '', 'F', 'faculty:query', '', '2021-01-19 17:07:08'),
(55, '修改学院', 51, 4, '', '', 'F', 'faculty:update', '', '2021-01-19 17:07:31'),
(56, '学生管理', 98, 1, 'student/index.html', 'views/manage/student/index', 'C', 'student:list', 'icon-r-user1', '2021-01-22 15:19:09'),
(57, '新增学生', 56, 1, '', '', 'F', 'student:save', '', '2021-01-22 15:20:07'),
(58, '更新学生', 56, 2, '', '', 'F', 'student:update', '', '2021-01-22 15:20:40'),
(59, '删除学生', 56, 3, '', '', 'F', 'student:delete', '', '2021-01-22 15:21:11'),
(60, '查询学生', 56, 4, '', '', 'F', 'student:query', '', '2021-01-22 15:22:32'),
(61, '宿舍管理', 45, 0, 'room/index.html', 'views/manage/room/index', 'C', 'room:list', 'icon-r-list', '2021-01-22 15:25:08'),
(62, '新增宿舍', 61, NULL, '', '', 'F', 'room:save', '', '2021-01-22 15:25:29'),
(63, '修改宿舍', 61, 1, '', '', 'F', 'room:update', '', '2021-01-22 15:26:59'),
(64, '删除宿舍', 61, 4, '', '', 'F', 'room:delete', '', '2021-01-22 15:27:47'),
(65, '查询宿舍', 61, NULL, '', '', 'F', 'room:query', '', '2021-01-22 15:28:48'),
(66, '发送消息', NULL, 5, '', '', 'F', 'home:send:msg', '', '2021-01-27 15:18:42'),
(67, '晚归记录', 77, 4, 'back/index.html', 'views/manage/back/index', 'C', 'back:list', 'icon-r-mark1', '2021-02-17 19:22:22'),
(68, '晚归查询', 67, 1, '', '', 'F', 'back:query', '', '2021-02-17 19:23:50'),
(69, '删除晚归记录', 67, 2, '', '', 'F', 'back:delete', '', '2021-02-17 19:24:20'),
(70, '新增', 67, 3, '', '', 'F', 'back:save', '', '2021-02-17 19:25:01'),
(71, '更新', 67, 4, '', '', 'F', 'back:update', '', '2021-02-17 19:25:24'),
(72, '请假记录', 77, 5, 'leave/index.html', 'views/manage/leave/index', 'C', 'leave:list', 'icon-r-paper', '2021-03-10 11:31:41'),
(73, '新增记录', 72, 0, '', '', 'F', 'leave:save', '', '2021-03-10 15:29:57'),
(74, '更新记录', 72, 1, '', '', 'F', 'leave:update', '', '2021-03-10 15:30:39'),
(75, '删除记录', 72, 2, '', '', 'F', 'leave:delete', '', '2021-03-10 15:31:07'),
(76, '查询记录', 72, 4, '', '', 'F', 'leave:query', '', '2021-03-10 15:31:30'),
(77, '记录', 45, 3, '', '', 'M', '', 'icon-r-paper', '2021-03-12 14:44:19'),
(78, '维修记录', 77, 1, 'repair/index.html', 'views/manage/repair/index', 'C', 'repair:list', 'icon-r-setting', '2021-04-12 15:15:45'),
(79, '查询', 78, 1, '', '', 'F', 'repair:query', '', '2021-04-13 10:13:19'),
(80, '新增', 78, 2, '', '', 'F', 'repair:save', '', '2021-04-13 11:18:23'),
(81, '更新', 78, 3, '', '', 'F', 'repair:update', '', '2021-04-13 14:07:07'),
(82, '删除', 78, 4, '', '', 'F', 'repair:delete', '', '2021-04-13 14:07:29'),
(84, '卫生评分', 97, 4, 'score/index.html', 'views/manage/score/index', 'C', 'score:list', 'icon-r-edit', '2025-03-27 08:58:56'),
(85, '提交', 84, 1, '', '', 'F', 'score:saveOrUpdate', '', '2025-03-28 16:27:20'),
(86, '卫生情况查看', 97, 5, 'check/index.html', 'views/manage/check/index', 'C', 'check:list', 'icon-r-find', '2025-04-02 15:56:15'),
(87, '信息总览', NULL, 1, '', '', 'M', '', 'icon-r-shield', '2025-04-08 10:56:12'),
(88, '宿舍信息大屏', 87, 0, 'screen-01/index.html', 'views/other-page/screen-01/index', 'C', '', 'icon-r-paper', '2025-04-08 10:58:06'),
(89, '走读申请', 98, 2, 'dayApplication/index.html', 'views/manage/dayApplication/index', 'C', '', 'icon-r-right', '2025-04-10 20:42:00'),
(90, '走读申请审批', 98, 3, 'dayApplicationApproval/index.html', 'views/manage/dayApplicationApproval/index', 'C', '', 'icon-r-yes', '2025-04-10 20:42:51'),
(91, '病因追查', 99, 1, 'absenceRecord/index.html', 'views/manage/absenceRecord/index', 'C', '', 'icon-r-find', '2025-04-10 20:43:53'),
(92, '病因查询', 99, 2, 'selectAbsenceRecord/index.html', 'views/manage/selectAbsenceRecord/index', 'C', '', '', '2025-04-10 20:45:02'),
(93, '服务', NULL, 6, '', '', 'M', '', 'icon-r-team', '2025-04-16 14:22:14'),
(94, 'Ai', 93, 1, 'service/AI/index.html', 'views/service/AI/index', 'C', '', 'icon-r-team', '2025-04-16 14:22:57'),
(95, '网盘', 93, 2, 'service/cloud/index.html', 'views/service/cloud/index', 'C', '', 'icon-r-mark1', '2025-04-16 14:40:39'),
(96, '学生信息大屏', 87, 1, 'screen-02/index.html', 'views/other-page/screen-02/index', 'C', '', 'icon-r-paper', '2025-04-17 08:52:25'),
(97, '宿舍卫生', NULL, 2, '', '', 'M', '', 'icon-r-building', '2025-04-22 11:02:52'),
(98, '学生信息', NULL, 3, '', '', 'M', '', 'icon-r-team', '2025-04-22 11:05:38'),
(99, '病因信息', NULL, 4, '', '', 'M', '', 'icon-r-love', '2025-04-22 11:06:32'),
(100, '问卷调查', 93, 3, 'service/questionnaire/index.html', 'views/service/questionnaire/index', 'C', '', '', '2025-04-24 14:20:16');

-- --------------------------------------------------------

--
-- 表的结构 `system_log`
--

CREATE TABLE IF NOT EXISTS `system_log` (
  `id` bigint NOT NULL,
  `operate_time` datetime DEFAULT NULL,
  `user_id` bigint DEFAULT NULL,
  `clas` varchar(30) CHARACTER SET utf8 COLLATE utf8_general_ci DEFAULT NULL,
  `method` varchar(30) CHARACTER SET utf8 COLLATE utf8_general_ci DEFAULT NULL,
  `ip` varchar(20) CHARACTER SET utf8 COLLATE utf8_general_ci DEFAULT NULL,
  `param` text CHARACTER SET utf8 COLLATE utf8_general_ci,
  `url` varchar(255) CHARACTER SET utf8 COLLATE utf8_general_ci DEFAULT NULL,
  `description` varchar(255) CHARACTER SET utf8 COLLATE utf8_general_ci DEFAULT NULL,
  `result` text CHARACTER SET utf8 COLLATE utf8_general_ci
) ENGINE=InnoDB AUTO_INCREMENT=904 DEFAULT CHARSET=utf8mb3 ROW_FORMAT=DYNAMIC;

--
-- 转存表中的数据 `system_log`
--

INSERT INTO `system_log` (`id`, `operate_time`, `user_id`, `clas`, `method`, `ip`, `param`, `url`, `description`, `result`) VALUES
(733, '2025-04-02 15:56:15', 1, 'SystemFunctionController', 'saveOrUpdate', '127.0.0.1', '{"systemFunction":{"name":"卫生情况查看","parentId":45,"orderNum":7,"path":"view/manage/check/index","component":"check/index.html","menuType":"C","permission":"check:list","icon":"icon-r-find"}}', '/system/function/saveOrUpdate', '添加修改功能', '{"statusCode":200,"msg":"操作成功"}'),
(734, '2025-04-02 15:56:27', 1, 'SystemFunctionController', 'saveOrUpdate', '127.0.0.1', '{"systemFunction":{"id":86,"name":"卫生情况查看","parentId":45,"orderNum":5,"path":"view/manage/check/index","component":"check/index.html","menuType":"C","permission":"check:list","icon":"icon-r-find","createTime":[2025,4,2,15,56,15]}}', '/system/function/saveOrUpdate', '添加修改功能', '{"statusCode":200,"msg":"操作成功"}'),
(735, '2025-04-02 15:56:30', 1, 'SystemFunctionController', 'saveOrUpdate', '127.0.0.1', '{"systemFunction":{"id":77,"name":"记录","parentId":45,"orderNum":6,"menuType":"M","icon":"icon-r-paper","createTime":[2021,3,12,14,44,19]}}', '/system/function/saveOrUpdate', '添加修改功能', '{"statusCode":200,"msg":"操作成功"}'),
(736, '2025-04-02 15:56:43', 1, 'SystemFunctionController', 'saveOrUpdate', '127.0.0.1', '{"systemFunction":{"id":84,"name":"卫生评分","parentId":45,"orderNum":4,"path":"score/index.html","component":"views/manage/score/index","menuType":"C","permission":"score:list","icon":"icon-r-edit","createTime":[2025,3,27,8,58,56]}}', '/system/function/saveOrUpdate', '添加修改功能', '{"statusCode":200,"msg":"操作成功"}'),
(737, '2025-04-02 15:56:59', 1, 'SystemRoleController', 'saveOrUpdate', '127.0.0.1', '{"systemRole":{"id":1,"name":"超级管理员","functionIds":[2,3,4,5,6,7,10,11,12,13,14,15,16,18,38,44,45,46,47,48,49,50,51,52,53,54,55,57,58,59,60,62,63,64,65,66,67,68,69,70,71,72,73,74,75,76,8,78,79,80,61,81,82,56,84,86,77]}}', '/system/role/saveOrUpdate', '添加修改角色', '{"statusCode":200,"msg":"操作成功"}'),
(738, '2025-04-02 16:06:44', 1, 'SystemFunctionController', 'saveOrUpdate', '127.0.0.1', '{"systemFunction":{"id":86,"name":"卫生情况查看","parentId":45,"orderNum":5,"path":"check/index.html","component":"view/manage/check/index","menuType":"C","permission":"check:list","icon":"icon-r-find","createTime":[2025,4,2,15,56,15]}}', '/system/function/saveOrUpdate', '添加修改功能', '{"statusCode":200,"msg":"操作成功"}'),
(739, '2025-04-02 16:12:46', 1, 'SystemFunctionController', 'saveOrUpdate', '127.0.0.1', '{"systemFunction":{"id":86,"name":"卫生情况查看","parentId":45,"orderNum":5,"path":"check/index.html","component":"views/manage/check/index","menuType":"C","permission":"check:list","icon":"icon-r-find","createTime":[2025,4,2,15,56,15]}}', '/system/function/saveOrUpdate', '添加修改功能', '{"statusCode":200,"msg":"操作成功"}'),
(740, '2025-04-02 16:59:59', 1, 'NoticeController', 'sendToBuilding', '127.0.0.1', '{"string":"55bf9fef-b6e4-40e4-b117-f3cde9e41b27","long":6,"notice":{"msg":"nihao1"}}', '/notice/sendToBuilding/6', '发送消息给多个用户', '{"statusCode":200,"msg":"发送成功"}'),
(741, '2025-04-02 17:00:04', 1, 'NoticeController', 'delete', '127.0.0.1', '{"long":49}', '/notice/deleteSend/49', '删除发送的消息', '{"statusCode":200,"msg":"删除成功"}'),
(742, '2025-04-02 22:29:06', 1, 'StudentController', 'saveOrUpdate', '127.0.0.1', '{"student":{"id":2071,"name":"孙帆","roomId":225,"facultyId":26,"number":"47011289675","registrationDate":"2021-02-03","phone":"13477777777","isLeave":false,"room":{"id":225,"number":"B2015"},"faculty":{"id":26,"name":"计算机学院"}}}', '/student/saveOrUpdate', '', '{"statusCode":200,"msg":"操作成功"}'),
(743, '2025-04-07 13:03:12', 1, 'SystemFunctionController', 'saveOrUpdate', '127.0.0.1', '{"systemFunction":{"id":85,"name":"更新","parentId":84,"orderNum":1,"menuType":"F","permission":"score:update","createTime":[2025,3,28,16,27,20]}}', '/system/function/saveOrUpdate', '添加修改功能', '{"statusCode":200,"msg":"操作成功"}'),
(744, '2025-04-07 13:08:10', 1, 'SystemFunctionController', 'saveOrUpdate', '127.0.0.1', '{"systemFunction":{"id":85,"name":"更新","parentId":84,"orderNum":1,"menuType":"F","permission":"saveOrupdate","createTime":[2025,3,28,16,27,20]}}', '/system/function/saveOrUpdate', '添加修改功能', '{"statusCode":200,"msg":"操作成功"}'),
(745, '2025-04-07 13:08:27', 1, 'SystemFunctionController', 'saveOrUpdate', '127.0.0.1', '{"systemFunction":{"id":85,"name":"提交","parentId":84,"orderNum":1,"menuType":"F","permission":"score:saveOrUpdate","createTime":[2025,3,28,16,27,20]}}', '/system/function/saveOrUpdate', '添加修改功能', '{"statusCode":200,"msg":"操作成功"}'),
(746, '2025-04-08 10:56:12', 1, 'SystemFunctionController', 'saveOrUpdate', '127.0.0.1', '{"systemFunction":{"name":"测试用","orderNum":3,"menuType":"F"}}', '/system/function/saveOrUpdate', '添加修改功能', '{"statusCode":200,"msg":"操作成功"}'),
(747, '2025-04-08 10:57:01', 1, 'SystemFunctionController', 'saveOrUpdate', '127.0.0.1', '{"systemFunction":{"id":87,"name":"测试用","orderNum":3,"path":"test","component":"111111","menuType":"C","permission":"test","icon":"icon-r-no","createTime":[2025,4,8,10,56,12]}}', '/system/function/saveOrUpdate', '添加修改功能', '{"statusCode":200,"msg":"操作成功"}'),
(748, '2025-04-08 10:57:11', 1, 'SystemRoleController', 'saveOrUpdate', '127.0.0.1', '{"systemRole":{"id":1,"name":"超级管理员","functionIds":[2,3,4,5,6,7,10,11,12,13,14,15,16,18,38,44,45,46,47,48,49,50,51,52,53,54,55,57,58,59,60,62,63,64,65,66,67,68,69,70,71,72,73,74,75,76,8,78,79,80,61,81,82,56,84,86,77,87]}}', '/system/role/saveOrUpdate', '添加修改角色', '{"statusCode":200,"msg":"操作成功"}'),
(749, '2025-04-08 10:58:06', 1, 'SystemFunctionController', 'saveOrUpdate', '127.0.0.1', '{"systemFunction":{"name":"01","parentId":87,"orderNum":1,"path":"test","component":"test","menuType":"C"}}', '/system/function/saveOrUpdate', '添加修改功能', '{"statusCode":200,"msg":"操作成功"}'),
(750, '2025-04-08 10:58:23', 1, 'SystemFunctionController', 'saveOrUpdate', '127.0.0.1', '{"systemFunction":{"id":87,"name":"测试用","orderNum":3,"path":"test","component":"111111","menuType":"M","permission":"test","icon":"icon-r-no","createTime":[2025,4,8,10,56,12]}}', '/system/function/saveOrUpdate', '添加修改功能', '{"statusCode":200,"msg":"操作成功"}'),
(751, '2025-04-08 11:00:03', 1, 'SystemRoleController', 'saveOrUpdate', '127.0.0.1', '{"systemRole":{"id":1,"name":"超级管理员","functionIds":[2,3,4,5,6,7,10,11,12,13,14,15,16,18,38,44,45,46,47,48,49,50,51,52,53,54,55,57,58,59,60,62,63,64,65,66,67,68,69,70,71,72,73,74,75,76,8,78,79,80,61,81,82,56,84,86,77,87,88]}}', '/system/role/saveOrUpdate', '添加修改角色', '{"statusCode":200,"msg":"操作成功"}'),
(752, '2025-04-08 11:06:37', 1, 'SystemRoleController', 'saveOrUpdate', '127.0.0.1', '{"systemRole":{"id":1,"name":"超级管理员","functionIds":[2,3,4,5,6,7,10,11,12,13,14,15,16,18,38,44,45,46,47,48,49,50,51,52,53,54,55,57,58,59,60,62,63,64,65,66,67,68,69,70,71,72,73,74,75,76,8,78,79,80,61,81,82,56,84,86,77,87,88,85]}}', '/system/role/saveOrUpdate', '添加修改角色', '{"statusCode":200,"msg":"操作成功"}'),
(753, '2025-04-08 11:10:39', 1, 'SystemFunctionController', 'saveOrUpdate', '127.0.0.1', '{"systemFunction":{"id":88,"name":"测试用","parentId":87,"orderNum":2,"menuType":"M","createTime":[2025,4,8,10,58,6]}}', '/system/function/saveOrUpdate', '添加修改功能', '{"statusCode":200,"msg":"操作成功"}'),
(754, '2025-04-08 11:11:26', 1, 'SystemFunctionController', 'saveOrUpdate', '127.0.0.1', '{"systemFunction":{"id":87,"name":"测试用","orderNum":2,"menuType":"M","icon":"icon-r-love","createTime":[2025,4,8,10,56,12]}}', '/system/function/saveOrUpdate', '添加修改功能', '{"statusCode":200,"msg":"操作成功"}'),
(755, '2025-04-08 11:11:31', 1, 'SystemFunctionController', 'saveOrUpdate', '127.0.0.1', '{"systemFunction":{"id":2,"name":"系统管理","orderNum":3,"menuType":"M","icon":"icon-r-setting","createTime":[2020,12,9,11,7,14]}}', '/system/function/saveOrUpdate', '添加修改功能', '{"statusCode":200,"msg":"操作成功"}'),
(756, '2025-04-08 11:14:43', 1, 'SystemFunctionController', 'saveOrUpdate', '127.0.0.1', '{"systemFunction":{"id":87,"name":"测试用","orderNum":1,"menuType":"M","icon":"icon-r-love","createTime":[2025,4,8,10,56,12]}}', '/system/function/saveOrUpdate', '添加修改功能', '{"statusCode":200,"msg":"操作成功"}'),
(757, '2025-04-08 11:14:46', 1, 'SystemFunctionController', 'saveOrUpdate', '127.0.0.1', '{"systemFunction":{"id":2,"name":"系统管理","orderNum":2,"menuType":"M","icon":"icon-r-setting","createTime":[2020,12,9,11,7,14]}}', '/system/function/saveOrUpdate', '添加修改功能', '{"statusCode":200,"msg":"操作成功"}'),
(758, '2025-04-08 11:16:09', 1, 'SystemRoleController', 'saveOrUpdate', '127.0.0.1', '{"systemRole":{"id":1,"name":"超级管理员","functionIds":[2,3,4,5,6,7,10,11,12,13,14,15,16,18,38,44,45,46,47,48,49,50,51,52,53,54,55,57,58,59,60,62,63,64,65,66,67,68,69,70,71,72,73,74,75,76,8,78,79,80,61,81,82,56,84,86,77,87,88,85,17]}}', '/system/role/saveOrUpdate', '添加修改角色', '{"statusCode":200,"msg":"操作成功"}'),
(759, '2025-04-08 11:16:44', 1, 'SystemRoleController', 'saveOrUpdate', '127.0.0.1', '{"systemRole":{"id":1,"name":"超级管理员","functionIds":[2,3,4,5,6,7,10,11,12,13,14,15,16,18,38,44,45,46,47,48,49,50,51,52,53,54,55,57,58,59,60,62,63,64,65,66,67,68,69,70,71,72,73,74,75,76,8,78,79,80,61,81,82,56,84,86,77,87,88,85,17]}}', '/system/role/saveOrUpdate', '添加修改角色', '{"statusCode":200,"msg":"操作成功"}'),
(760, '2025-04-09 15:54:30', 1, 'SystemFunctionController', 'saveOrUpdate', '127.0.0.1', '{"systemFunction":{"id":88,"name":"测试用","parentId":87,"orderNum":2,"path":"/views/other-page/screen","component":"/views/other-page/screen/index","menuType":"C","createTime":[2025,4,8,10,58,6]}}', '/system/function/saveOrUpdate', '添加修改功能', '{"statusCode":200,"msg":"操作成功"}'),
(761, '2025-04-09 15:54:41', 1, 'SystemFunctionController', 'saveOrUpdate', '127.0.0.1', '{"systemFunction":{"id":88,"name":"测试用","parentId":87,"orderNum":2,"path":"views/other-page/screen","component":"views/other-page/screen/index","menuType":"C","createTime":[2025,4,8,10,58,6]}}', '/system/function/saveOrUpdate', '添加修改功能', '{"statusCode":200,"msg":"操作成功"}'),
(762, '2025-04-09 15:55:05', 1, 'SystemFunctionController', 'saveOrUpdate', '127.0.0.1', '{"systemFunction":{"id":88,"name":"测试用","parentId":87,"orderNum":2,"path":"views/other-page/screen","component":"views/other-page/screen/index.html","menuType":"C","createTime":[2025,4,8,10,58,6]}}', '/system/function/saveOrUpdate', '添加修改功能', '{"statusCode":200,"msg":"操作成功"}'),
(763, '2025-04-09 15:55:27', 1, 'SystemFunctionController', 'saveOrUpdate', '127.0.0.1', '{"systemFunction":{"id":88,"name":"测试用","parentId":87,"orderNum":2,"path":"views/other-page/screen/index.html","component":"views/other-page/screen/index","menuType":"C","createTime":[2025,4,8,10,58,6]}}', '/system/function/saveOrUpdate', '添加修改功能', '{"statusCode":200,"msg":"操作成功"}'),
(764, '2025-04-09 15:55:33', 1, 'SystemFunctionController', 'saveOrUpdate', '127.0.0.1', '{"systemFunction":{"id":88,"name":"测试用","parentId":87,"orderNum":2,"path":"views/other-page/screen/index.html","component":"screen/index","menuType":"C","createTime":[2025,4,8,10,58,6]}}', '/system/function/saveOrUpdate', '添加修改功能', '{"statusCode":200,"msg":"操作成功"}'),
(765, '2025-04-09 15:55:44', 1, 'SystemFunctionController', 'saveOrUpdate', '127.0.0.1', '{"systemFunction":{"id":88,"name":"测试用","parentId":87,"orderNum":2,"path":"screen/index","component":"views/other-page/screen/index.html","menuType":"C","createTime":[2025,4,8,10,58,6]}}', '/system/function/saveOrUpdate', '添加修改功能', '{"statusCode":200,"msg":"操作成功"}'),
(766, '2025-04-09 15:56:02', 1, 'SystemFunctionController', 'saveOrUpdate', '127.0.0.1', '{"systemFunction":{"id":88,"name":"测试用","parentId":87,"orderNum":2,"path":"screen/index.html","component":"views/other-page/screen/index","menuType":"C","createTime":[2025,4,8,10,58,6]}}', '/system/function/saveOrUpdate', '添加修改功能', '{"statusCode":200,"msg":"操作成功"}'),
(767, '2025-04-10 20:42:00', 1, 'SystemFunctionController', 'saveOrUpdate', '127.0.0.1', '{"systemFunction":{"name":"走读申请","parentId":45,"orderNum":7,"path":"views/manage/dayApplication/index","component":"dayApplication/index.html","menuType":"C","icon":"icon-r-right"}}', '/system/function/saveOrUpdate', '添加修改功能', '{"statusCode":200,"msg":"操作成功"}'),
(768, '2025-04-10 20:42:51', 1, 'SystemFunctionController', 'saveOrUpdate', '127.0.0.1', '{"systemFunction":{"name":"走读申请审批","parentId":45,"orderNum":8,"path":"views/manage/dayApplicationApproval/index","component":"dayApplicationApproval/index.html","menuType":"C","icon":"icon-r-yes"}}', '/system/function/saveOrUpdate', '添加修改功能', '{"statusCode":200,"msg":"操作成功"}'),
(769, '2025-04-10 20:43:04', 1, 'SystemFunctionController', 'saveOrUpdate', '127.0.0.1', '{"systemFunction":{"id":89,"name":"走读申请","parentId":45,"orderNum":7,"path":"dayApplication/index.html","component":"views/manage/dayApplication/index","menuType":"C","icon":"icon-r-right","createTime":[2025,4,10,20,42]}}', '/system/function/saveOrUpdate', '添加修改功能', '{"statusCode":200,"msg":"操作成功"}'),
(770, '2025-04-10 20:43:11', 1, 'SystemFunctionController', 'saveOrUpdate', '127.0.0.1', '{"systemFunction":{"id":90,"name":"走读申请审批","parentId":45,"orderNum":8,"path":"dayApplicationApproval/index.html","component":"views/manage/dayApplicationApproval/index","menuType":"C","icon":"icon-r-yes","createTime":[2025,4,10,20,42,51]}}', '/system/function/saveOrUpdate', '添加修改功能', '{"statusCode":200,"msg":"操作成功"}'),
(771, '2025-04-10 20:43:53', 1, 'SystemFunctionController', 'saveOrUpdate', '127.0.0.1', '{"systemFunction":{"name":"病因追查","orderNum":9,"path":"absenceRecord/index.html","component":"views/manage/absenceRecord/index","menuType":"C","icon":"icon-r-find"}}', '/system/function/saveOrUpdate', '添加修改功能', '{"statusCode":200,"msg":"操作成功"}'),
(772, '2025-04-10 20:44:12', 1, 'SystemFunctionController', 'saveOrUpdate', '127.0.0.1', '{"systemFunction":{"id":91,"name":"病因追查","parentId":45,"orderNum":9,"path":"absenceRecord/index.html","component":"views/manage/absenceRecord/index","menuType":"C","icon":"icon-r-find","createTime":[2025,4,10,20,43,53]}}', '/system/function/saveOrUpdate', '添加修改功能', '{"statusCode":200,"msg":"操作成功"}'),
(773, '2025-04-10 20:45:02', 1, 'SystemFunctionController', 'saveOrUpdate', '127.0.0.1', '{"systemFunction":{"name":"病因查询","parentId":45,"path":"selectAbsenceRecord/index.html","component":"views/manage/selectAbsenceRecord/index","menuType":"C"}}', '/system/function/saveOrUpdate', '添加修改功能', '{"statusCode":200,"msg":"操作成功"}'),
(774, '2025-04-10 20:45:13', 1, 'SystemRoleController', 'saveOrUpdate', '127.0.0.1', '{"systemRole":{"id":1,"name":"超级管理员","functionIds":[2,3,4,5,6,7,10,11,12,13,14,15,16,18,38,44,45,46,47,48,49,50,51,52,53,54,55,57,58,59,60,62,63,64,65,66,67,68,69,70,71,72,73,74,75,76,8,78,79,80,61,81,82,56,84,86,77,87,88,85,17,92,89,90,91]}}', '/system/role/saveOrUpdate', '添加修改角色', '{"statusCode":200,"msg":"操作成功"}'),
(775, '2025-04-10 20:45:19', 1, 'SystemFunctionController', 'saveOrUpdate', '127.0.0.1', '{"systemFunction":{"id":92,"name":"病因查询","parentId":45,"orderNum":10,"path":"selectAbsenceRecord/index.html","component":"views/manage/selectAbsenceRecord/index","menuType":"C","createTime":[2025,4,10,20,45,2]}}', '/system/function/saveOrUpdate', '添加修改功能', '{"statusCode":200,"msg":"操作成功"}'),
(776, '2025-04-11 15:01:07', 1, 'LeaveController', 'save', '127.0.0.1', '{"leave":{"reason":"测试用","studentId":2084,"target":"测试用","backDate":[2025,4,12]}}', '/leave/saveOrUpdate', '', '{"statusCode":200,"msg":"操作成功"}'),
(777, '2025-04-11 15:01:21', 1, 'LeaveController', 'update', '127.0.0.1', '{"long":2}', '/leave/update/2', '', '{"statusCode":200,"msg":"更新成功"}'),
(778, '2025-04-11 15:01:24', 1, 'LeaveController', 'delete', '127.0.0.1', '{"long":2}', '/leave/delete/2', '', '{"statusCode":200,"msg":"删除成功"}'),
(779, '2025-04-11 16:08:43', 1, 'LeaveController', 'save', '127.0.0.1', '{"leave":{"reason":"测试","studentId":2084,"target":"测试","backDate":[2025,4,12]}}', '/leave/saveOrUpdate', '', '{"statusCode":200,"msg":"操作成功"}'),
(780, '2025-04-15 10:21:14', 1, 'SystemFunctionController', 'saveOrUpdate', '127.0.0.1', '{"systemFunction":{"id":87,"name":"信息总览","orderNum":1,"menuType":"M","icon":"icon-r-love","createTime":[2025,4,8,10,56,12]}}', '/system/function/saveOrUpdate', '添加修改功能', '{"statusCode":200,"msg":"操作成功"}'),
(781, '2025-04-15 10:21:25', 1, 'SystemFunctionController', 'saveOrUpdate', '127.0.0.1', '{"systemFunction":{"id":88,"name":"信息大屏","parentId":87,"orderNum":2,"path":"screen/index.html","component":"views/other-page/screen/index","menuType":"C","createTime":[2025,4,8,10,58,6]}}', '/system/function/saveOrUpdate', '添加修改功能', '{"statusCode":200,"msg":"操作成功"}'),
(782, '2025-04-15 10:21:48', 1, 'SystemFunctionController', 'saveOrUpdate', '127.0.0.1', '{"systemFunction":{"id":87,"name":"信息总览","orderNum":1,"menuType":"M","icon":"icon-r-shield","createTime":[2025,4,8,10,56,12]}}', '/system/function/saveOrUpdate', '添加修改功能', '{"statusCode":200,"msg":"操作成功"}'),
(783, '2025-04-15 10:22:49', 1, 'SystemFunctionController', 'saveOrUpdate', '127.0.0.1', '{"systemFunction":{"id":88,"name":"信息大屏","parentId":87,"orderNum":2,"path":"screen/index.html","component":"views/other-page/screen/index","menuType":"C","icon":"icon-r-paper","createTime":[2025,4,8,10,58,6]}}', '/system/function/saveOrUpdate', '添加修改功能', '{"statusCode":200,"msg":"操作成功"}'),
(784, '2025-04-15 10:26:31', 1, 'RepairController', 'updateStatus', '127.0.0.1', '{"long":5}', '/repair/updateStatus/5', '', '{"statusCode":200,"msg":"修改成功"}'),
(785, '2025-04-15 10:28:08', 1, 'RepairController', 'save', '127.0.0.1', '{"repair":{"roomId":1,"describe":"测试用","picture":["c2b8ef1e-c842-4878-a0f6-07ee76f833e6.png"]}}', '/repair/saveOrUpdate', '', '{"statusCode":200,"msg":"添加成功"}'),
(786, '2025-04-15 10:30:36', 1, 'LeaveController', 'update', '127.0.0.1', '{"long":3}', '/leave/update/3', '', '{"statusCode":200,"msg":"更新成功"}'),
(787, '2025-04-15 10:31:00', 1, 'LeaveController', 'update', '127.0.0.1', '{"long":3}', '/leave/update/3', '', '{"statusCode":200,"msg":"更新成功"}'),
(788, '2025-04-15 10:31:44', 1, 'LeaveController', 'save', '127.0.0.1', '{"leave":{"reason":"测试","studentId":2084,"target":"测试","backDate":[2025,4,16]}}', '/leave/saveOrUpdate', '', '{"statusCode":200,"msg":"操作成功"}'),
(789, '2025-04-15 10:31:47', 1, 'LeaveController', 'update', '127.0.0.1', '{"long":4}', '/leave/update/4', '', '{"statusCode":200,"msg":"更新成功"}'),
(790, '2025-04-15 10:33:41', 1, 'LeaveController', 'delete', '127.0.0.1', '{"long":4}', '/leave/delete/4', '', '{"statusCode":200,"msg":"删除成功"}'),
(791, '2025-04-15 10:33:44', 1, 'LeaveController', 'delete', '127.0.0.1', '{"long":3}', '/leave/delete/3', '', '{"statusCode":200,"msg":"删除成功"}'),
(792, '2025-04-15 10:33:56', 1, 'LeaveController', 'save', '127.0.0.1', '{"leave":{"reason":"测试","studentId":2084,"target":"测试","backDate":[2025,4,15]}}', '/leave/saveOrUpdate', '', '{"statusCode":200,"msg":"操作成功"}'),
(793, '2025-04-15 10:34:00', 1, 'LeaveController', 'update', '127.0.0.1', '{"long":5}', '/leave/update/5', '', '{"statusCode":200,"msg":"更新成功"}'),
(794, '2025-04-15 10:34:09', 1, 'LeaveController', 'delete', '127.0.0.1', '{"long":5}', '/leave/delete/5', '', '{"statusCode":200,"msg":"删除成功"}'),
(795, '2025-04-15 11:01:14', 1, 'LeaveController', 'update', '127.0.0.1', '{"long":1}', '/leave/update/1', '', '{"statusCode":200,"msg":"更新成功"}'),
(796, '2025-04-15 11:06:03', 1, 'LeaveController', 'update', '127.0.0.1', '{"long":1}', '/leave/update/1', '', '{"statusCode":200,"msg":"更新成功"}'),
(797, '2025-04-15 11:06:10', 1, 'LeaveController', 'update', '127.0.0.1', '{"long":1}', '/leave/update/1', '', '{"statusCode":200,"msg":"更新成功"}'),
(798, '2025-04-15 11:14:17', 1, 'RepairController', 'updateStatus', '127.0.0.1', '{"long":6}', '/repair/updateStatus/6', '', '{"statusCode":200,"msg":"修改成功"}'),
(799, '2025-04-16 14:07:17', 1, 'LeaveController', 'save', '127.0.0.1', '{"leave":{"reason":"测试用","studentId":2084,"target":"测试用","backDate":[2025,4,17]}}', '/leave/saveOrUpdate', '', '{"statusCode":200,"msg":"操作成功"}'),
(800, '2025-04-16 14:22:14', 1, 'SystemFunctionController', 'saveOrUpdate', '127.0.0.1', '{"systemFunction":{"name":"服务","orderNum":4,"menuType":"M","icon":"icon-r-team"}}', '/system/function/saveOrUpdate', '添加修改功能', '{"statusCode":200,"msg":"操作成功"}'),
(801, '2025-04-16 14:22:57', 1, 'SystemFunctionController', 'saveOrUpdate', '127.0.0.1', '{"systemFunction":{"name":"Ai","parentId":93,"path":"Ai/index.html","component":"views/Ai/index","menuType":"C"}}', '/system/function/saveOrUpdate', '添加修改功能', '{"statusCode":200,"msg":"操作成功"}'),
(802, '2025-04-16 14:23:35', 1, 'SystemRoleController', 'saveOrUpdate', '127.0.0.1', '{"systemRole":{"id":1,"name":"超级管理员","functionIds":[2,3,4,5,6,7,10,11,12,13,14,15,16,18,38,44,45,46,47,48,49,50,51,52,53,54,55,57,58,59,60,62,63,64,65,66,67,68,69,70,71,72,73,74,75,76,8,78,79,80,61,81,82,56,84,86,77,87,88,85,17,92,89,90,91,93,94]}}', '/system/role/saveOrUpdate', '添加修改角色', '{"statusCode":200,"msg":"操作成功"}'),
(803, '2025-04-16 14:24:49', 1, 'SystemFunctionController', 'saveOrUpdate', '127.0.0.1', '{"systemFunction":{"id":94,"name":"Ai","parentId":93,"path":"AI/index.html","component":"views/AI/index","menuType":"C","createTime":[2025,4,16,14,22,57]}}', '/system/function/saveOrUpdate', '添加修改功能', '{"statusCode":200,"msg":"操作成功"}'),
(804, '2025-04-16 14:40:03', 1, 'SystemFunctionController', 'saveOrUpdate', '127.0.0.1', '{"systemFunction":{"id":94,"name":"Ai","parentId":93,"path":"service/AI/index.html","component":"views/service/AI/index","menuType":"C","createTime":[2025,4,16,14,22,57]}}', '/system/function/saveOrUpdate', '添加修改功能', '{"statusCode":200,"msg":"操作成功"}'),
(805, '2025-04-16 14:40:39', 1, 'SystemFunctionController', 'saveOrUpdate', '127.0.0.1', '{"systemFunction":{"name":"网盘","parentId":93,"orderNum":2,"path":"cloud/index.html","component":"views/service/cloud/index","menuType":"C"}}', '/system/function/saveOrUpdate', '添加修改功能', '{"statusCode":200,"msg":"操作成功"}'),
(806, '2025-04-16 14:40:49', 1, 'SystemFunctionController', 'saveOrUpdate', '127.0.0.1', '{"systemFunction":{"id":95,"name":"网盘","parentId":93,"orderNum":2,"path":"service/cloud/index.html","component":"views/service/cloud/index","menuType":"C","createTime":[2025,4,16,14,40,39]}}', '/system/function/saveOrUpdate', '添加修改功能', '{"statusCode":200,"msg":"操作成功"}'),
(807, '2025-04-16 14:41:00', 1, 'SystemRoleController', 'saveOrUpdate', '127.0.0.1', '{"systemRole":{"id":1,"name":"超级管理员","functionIds":[2,3,4,5,6,7,10,11,12,13,14,15,16,18,38,44,45,46,47,48,49,50,51,52,53,54,55,57,58,59,60,62,63,64,65,66,67,68,69,70,71,72,73,74,75,76,8,78,79,80,61,81,82,56,84,86,77,87,88,85,17,92,89,90,91,93,94,95]}}', '/system/role/saveOrUpdate', '添加修改角色', '{"statusCode":200,"msg":"操作成功"}'),
(808, '2025-04-16 14:44:42', 1, 'LeaveController', 'update', '127.0.0.1', '{"long":6}', '/leave/update/6', '', '{"statusCode":200,"msg":"更新成功"}'),
(809, '2025-04-17 08:48:20', 1, 'SystemFunctionController', 'saveOrUpdate', '127.0.0.1', '{"systemFunction":{"id":88,"name":"信息大屏","parentId":87,"orderNum":2,"path":"screen-01/index.html","component":"views/other-page/screen-01/index","menuType":"C","icon":"icon-r-paper","createTime":[2025,4,8,10,58,6]}}', '/system/function/saveOrUpdate', '添加修改功能', '{"statusCode":200,"msg":"操作成功"}'),
(810, '2025-04-17 08:52:25', 1, 'SystemFunctionController', 'saveOrUpdate', '127.0.0.1', '{"systemFunction":{"name":"信息大屏2","parentId":87,"orderNum":1,"path":"screen-02/index.html","component":"views/other-page/screen/screen-02/index","menuType":"C","icon":"icon-r-paper"}}', '/system/function/saveOrUpdate', '添加修改功能', '{"statusCode":200,"msg":"操作成功"}'),
(811, '2025-04-17 08:52:38', 1, 'SystemFunctionController', 'saveOrUpdate', '127.0.0.1', '{"systemFunction":{"id":88,"name":"信息大屏","parentId":87,"orderNum":0,"path":"screen-01/index.html","component":"views/other-page/screen-01/index","menuType":"C","icon":"icon-r-paper","createTime":[2025,4,8,10,58,6]}}', '/system/function/saveOrUpdate', '添加修改功能', '{"statusCode":200,"msg":"操作成功"}'),
(812, '2025-04-17 08:53:04', 1, 'SystemFunctionController', 'saveOrUpdate', '127.0.0.1', '{"systemFunction":{"id":96,"name":"信息大屏2","parentId":87,"orderNum":1,"path":"screen-02/index.html","component":"views/other-page/screen-02/index","menuType":"C","icon":"icon-r-paper","createTime":[2025,4,17,8,52,25]}}', '/system/function/saveOrUpdate', '添加修改功能', '{"statusCode":200,"msg":"操作成功"}'),
(813, '2025-04-17 08:53:23', 1, 'SystemRoleController', 'saveOrUpdate', '127.0.0.1', '{"systemRole":{"id":1,"name":"超级管理员","functionIds":[2,3,4,5,6,7,10,11,12,13,14,15,16,18,38,44,45,46,47,48,49,50,51,52,53,54,55,57,58,59,60,62,63,64,65,66,67,68,69,70,71,72,73,74,75,76,8,78,79,80,61,81,82,56,84,86,77,87,88,85,17,92,89,90,91,93,94,95,96]}}', '/system/role/saveOrUpdate', '添加修改角色', '{"statusCode":200,"msg":"操作成功"}'),
(814, '2025-04-17 09:44:22', 1, 'LeaveController', 'delete', '127.0.0.1', '{"long":6}', '/leave/delete/6', '', '{"statusCode":200,"msg":"删除成功"}'),
(815, '2025-04-17 09:44:36', 1, 'LeaveController', 'save', '127.0.0.1', '{"leave":{"reason":"测试","studentId":2084,"target":"测试","backDate":[2025,4,20]}}', '/leave/saveOrUpdate', '', '{"statusCode":200,"msg":"操作成功"}'),
(816, '2025-04-22 11:02:52', 1, 'SystemFunctionController', 'saveOrUpdate', '127.0.0.1', '{"systemFunction":{"name":"宿舍卫生","orderNum":2,"menuType":"M","icon":"icon-r-building"}}', '/system/function/saveOrUpdate', '添加修改功能', '{"statusCode":200,"msg":"操作成功"}'),
(817, '2025-04-22 11:03:07', 1, 'SystemFunctionController', 'saveOrUpdate', '127.0.0.1', '{"systemFunction":{"id":86,"name":"卫生情况查看","parentId":97,"orderNum":5,"path":"check/index.html","component":"views/manage/check/index","menuType":"C","permission":"check:list","icon":"icon-r-find","createTime":[2025,4,2,15,56,15]}}', '/system/function/saveOrUpdate', '添加修改功能', '{"statusCode":200,"msg":"操作成功"}'),
(818, '2025-04-22 11:03:29', 1, 'SystemFunctionController', 'saveOrUpdate', '127.0.0.1', '{"systemFunction":{"id":84,"name":"卫生评分","parentId":97,"orderNum":4,"path":"score/index.html","component":"views/manage/score/index","menuType":"C","permission":"score:list","icon":"icon-r-edit","createTime":[2025,3,27,8,58,56]}}', '/system/function/saveOrUpdate', '添加修改功能', '{"statusCode":200,"msg":"操作成功"}'),
(819, '2025-04-22 11:03:43', 1, 'SystemFunctionController', 'saveOrUpdate', '127.0.0.1', '{"systemFunction":{"id":97,"name":"宿舍卫生","orderNum":1,"menuType":"M","icon":"icon-r-building","createTime":[2025,4,22,11,2,52]}}', '/system/function/saveOrUpdate', '添加修改功能', '{"statusCode":200,"msg":"操作成功"}'),
(820, '2025-04-22 11:03:52', 1, 'SystemFunctionController', 'saveOrUpdate', '127.0.0.1', '{"systemFunction":{"id":97,"name":"宿舍卫生","orderNum":2,"menuType":"M","icon":"icon-r-building","createTime":[2025,4,22,11,2,52]}}', '/system/function/saveOrUpdate', '添加修改功能', '{"statusCode":200,"msg":"操作成功"}'),
(821, '2025-04-22 11:03:58', 1, 'SystemFunctionController', 'saveOrUpdate', '127.0.0.1', '{"systemFunction":{"id":97,"name":"宿舍卫生","orderNum":3,"menuType":"M","icon":"icon-r-building","createTime":[2025,4,22,11,2,52]}}', '/system/function/saveOrUpdate', '添加修改功能', '{"statusCode":200,"msg":"操作成功"}'),
(822, '2025-04-22 11:04:07', 1, 'SystemFunctionController', 'saveOrUpdate', '127.0.0.1', '{"systemFunction":{"id":66,"name":"发送消息","orderNum":4,"menuType":"F","permission":"home:send:msg","createTime":[2021,1,27,15,18,42]}}', '/system/function/saveOrUpdate', '添加修改功能', '{"statusCode":200,"msg":"操作成功"}'),
(823, '2025-04-22 11:04:11', 1, 'SystemFunctionController', 'saveOrUpdate', '127.0.0.1', '{"systemFunction":{"id":93,"name":"服务","orderNum":5,"menuType":"M","icon":"icon-r-team","createTime":[2025,4,16,14,22,14]}}', '/system/function/saveOrUpdate', '添加修改功能', '{"statusCode":200,"msg":"操作成功"}'),
(824, '2025-04-22 11:05:38', 1, 'SystemFunctionController', 'saveOrUpdate', '127.0.0.1', '{"systemFunction":{"name":"学生信息","orderNum":5,"menuType":"M","icon":"icon-r-team"}}', '/system/function/saveOrUpdate', '添加修改功能', '{"statusCode":200,"msg":"操作成功"}'),
(825, '2025-04-22 11:05:49', 1, 'SystemFunctionController', 'saveOrUpdate', '127.0.0.1', '{"systemFunction":{"id":56,"name":"学生管理","parentId":98,"orderNum":1,"path":"student/index.html","component":"views/manage/student/index","menuType":"C","permission":"student:list","icon":"icon-r-user1","createTime":[2021,1,22,15,19,9]}}', '/system/function/saveOrUpdate', '添加修改功能', '{"statusCode":200,"msg":"操作成功"}'),
(826, '2025-04-22 11:05:58', 1, 'SystemFunctionController', 'saveOrUpdate', '127.0.0.1', '{"systemFunction":{"id":89,"name":"走读申请","parentId":98,"orderNum":7,"path":"dayApplication/index.html","component":"views/manage/dayApplication/index","menuType":"C","icon":"icon-r-right","createTime":[2025,4,10,20,42]}}', '/system/function/saveOrUpdate', '添加修改功能', '{"statusCode":200,"msg":"操作成功"}'),
(827, '2025-04-22 11:06:04', 1, 'SystemFunctionController', 'saveOrUpdate', '127.0.0.1', '{"systemFunction":{"id":90,"name":"走读申请审批","parentId":98,"orderNum":8,"path":"dayApplicationApproval/index.html","component":"views/manage/dayApplicationApproval/index","menuType":"C","icon":"icon-r-yes","createTime":[2025,4,10,20,42,51]}}', '/system/function/saveOrUpdate', '添加修改功能', '{"statusCode":200,"msg":"操作成功"}'),
(828, '2025-04-22 11:06:32', 1, 'SystemFunctionController', 'saveOrUpdate', '127.0.0.1', '{"systemFunction":{"name":"病因信息","orderNum":6,"menuType":"M","icon":"icon-r-love"}}', '/system/function/saveOrUpdate', '添加修改功能', '{"statusCode":200,"msg":"操作成功"}'),
(829, '2025-04-22 11:06:37', 1, 'SystemFunctionController', 'saveOrUpdate', '127.0.0.1', '{"systemFunction":{"id":91,"name":"病因追查","parentId":99,"orderNum":9,"path":"absenceRecord/index.html","component":"views/manage/absenceRecord/index","menuType":"C","icon":"icon-r-find","createTime":[2025,4,10,20,43,53]}}', '/system/function/saveOrUpdate', '添加修改功能', '{"statusCode":200,"msg":"操作成功"}'),
(830, '2025-04-22 11:06:41', 1, 'SystemFunctionController', 'saveOrUpdate', '127.0.0.1', '{"systemFunction":{"id":92,"name":"病因查询","parentId":99,"orderNum":10,"path":"selectAbsenceRecord/index.html","component":"views/manage/selectAbsenceRecord/index","menuType":"C","createTime":[2025,4,10,20,45,2]}}', '/system/function/saveOrUpdate', '添加修改功能', '{"statusCode":200,"msg":"操作成功"}'),
(831, '2025-04-22 11:07:10', 1, 'SystemFunctionController', 'saveOrUpdate', '127.0.0.1', '{"systemFunction":{"id":98,"name":"学生信息","orderNum":4,"menuType":"M","icon":"icon-r-team","createTime":[2025,4,22,11,5,38]}}', '/system/function/saveOrUpdate', '添加修改功能', '{"statusCode":200,"msg":"操作成功"}'),
(832, '2025-04-22 11:07:14', 1, 'SystemFunctionController', 'saveOrUpdate', '127.0.0.1', '{"systemFunction":{"id":99,"name":"病因信息","orderNum":5,"menuType":"M","icon":"icon-r-love","createTime":[2025,4,22,11,6,32]}}', '/system/function/saveOrUpdate', '添加修改功能', '{"statusCode":200,"msg":"操作成功"}'),
(833, '2025-04-22 11:07:17', 1, 'SystemFunctionController', 'saveOrUpdate', '127.0.0.1', '{"systemFunction":{"id":93,"name":"服务","orderNum":6,"menuType":"M","icon":"icon-r-team","createTime":[2025,4,16,14,22,14]}}', '/system/function/saveOrUpdate', '添加修改功能', '{"statusCode":200,"msg":"操作成功"}'),
(834, '2025-04-22 11:07:23', 1, 'SystemFunctionController', 'saveOrUpdate', '127.0.0.1', '{"systemFunction":{"id":98,"name":"学生信息","orderNum":3,"menuType":"M","icon":"icon-r-team","createTime":[2025,4,22,11,5,38]}}', '/system/function/saveOrUpdate', '添加修改功能', '{"statusCode":200,"msg":"操作成功"}'),
(835, '2025-04-22 11:07:26', 1, 'SystemFunctionController', 'saveOrUpdate', '127.0.0.1', '{"systemFunction":{"id":99,"name":"病因信息","orderNum":4,"menuType":"M","icon":"icon-r-love","createTime":[2025,4,22,11,6,32]}}', '/system/function/saveOrUpdate', '添加修改功能', '{"statusCode":200,"msg":"操作成功"}'),
(836, '2025-04-22 11:07:30', 1, 'SystemFunctionController', 'saveOrUpdate', '127.0.0.1', '{"systemFunction":{"id":66,"name":"发送消息","orderNum":5,"menuType":"F","permission":"home:send:msg","createTime":[2021,1,27,15,18,42]}}', '/system/function/saveOrUpdate', '添加修改功能', '{"statusCode":200,"msg":"操作成功"}'),
(837, '2025-04-22 11:07:42', 1, 'SystemRoleController', 'saveOrUpdate', '127.0.0.1', '{"systemRole":{"id":1,"name":"超级管理员","functionIds":[2,3,4,5,6,7,10,11,12,13,14,15,16,18,38,44,45,46,47,48,49,50,51,52,53,54,55,57,58,59,60,62,63,64,65,66,67,68,69,70,71,72,73,74,75,76,8,78,79,80,61,81,82,56,84,86,77,87,88,85,17,92,89,90,91,93,94,95,96,97,98,99]}}', '/system/role/saveOrUpdate', '添加修改角色', '{"statusCode":200,"msg":"操作成功"}'),
(838, '2025-04-22 11:08:12', 1, 'SystemFunctionController', 'saveOrUpdate', '127.0.0.1', '{"systemFunction":{"id":88,"name":"宿舍信息大屏","parentId":87,"orderNum":0,"path":"screen-01/index.html","component":"views/other-page/screen-01/index","menuType":"C","icon":"icon-r-paper","createTime":[2025,4,8,10,58,6]}}', '/system/function/saveOrUpdate', '添加修改功能', '{"statusCode":200,"msg":"操作成功"}'),
(839, '2025-04-22 11:08:18', 1, 'SystemFunctionController', 'saveOrUpdate', '127.0.0.1', '{"systemFunction":{"id":96,"name":"学生信息大屏","parentId":87,"orderNum":1,"path":"screen-02/index.html","component":"views/other-page/screen-02/index","menuType":"C","icon":"icon-r-paper","createTime":[2025,4,17,8,52,25]}}', '/system/function/saveOrUpdate', '添加修改功能', '{"statusCode":200,"msg":"操作成功"}'),
(840, '2025-04-22 11:08:25', 1, 'SystemFunctionController', 'saveOrUpdate', '127.0.0.1', '{"systemFunction":{"id":51,"name":"班级管理","parentId":45,"orderNum":1,"path":"faculty/index.html","component":"views/manage/faculty/index","menuType":"C","permission":"faculty:list","icon":"icon-r-mark1","createTime":[2021,1,19,15,22,22]}}', '/system/function/saveOrUpdate', '添加修改功能', '{"statusCode":200,"msg":"操作成功"}'),
(841, '2025-04-22 11:08:28', 1, 'SystemFunctionController', 'saveOrUpdate', '127.0.0.1', '{"systemFunction":{"id":46,"name":"宿舍楼管理","parentId":45,"orderNum":2,"path":"building/index.html","component":"views/manage/building/index","menuType":"C","permission":"manage:building:list","icon":"icon-r-home","createTime":[2021,1,19,13,47,12]}}', '/system/function/saveOrUpdate', '添加修改功能', '{"statusCode":200,"msg":"操作成功"}'),
(842, '2025-04-22 11:08:34', 1, 'SystemFunctionController', 'saveOrUpdate', '127.0.0.1', '{"systemFunction":{"id":77,"name":"记录","parentId":45,"orderNum":4,"menuType":"M","icon":"icon-r-paper","createTime":[2021,3,12,14,44,19]}}', '/system/function/saveOrUpdate', '添加修改功能', '{"statusCode":200,"msg":"操作成功"}'),
(843, '2025-04-22 11:08:37', 1, 'SystemFunctionController', 'saveOrUpdate', '127.0.0.1', '{"systemFunction":{"id":77,"name":"记录","parentId":45,"orderNum":3,"menuType":"M","icon":"icon-r-paper","createTime":[2021,3,12,14,44,19]}}', '/system/function/saveOrUpdate', '添加修改功能', '{"statusCode":200,"msg":"操作成功"}'),
(844, '2025-04-22 11:08:54', 1, 'SystemFunctionController', 'saveOrUpdate', '127.0.0.1', '{"systemFunction":{"id":89,"name":"走读申请","parentId":98,"orderNum":2,"path":"dayApplication/index.html","component":"views/manage/dayApplication/index","menuType":"C","icon":"icon-r-right","createTime":[2025,4,10,20,42]}}', '/system/function/saveOrUpdate', '添加修改功能', '{"statusCode":200,"msg":"操作成功"}'),
(845, '2025-04-22 11:08:58', 1, 'SystemFunctionController', 'saveOrUpdate', '127.0.0.1', '{"systemFunction":{"id":90,"name":"走读申请审批","parentId":98,"orderNum":3,"path":"dayApplicationApproval/index.html","component":"views/manage/dayApplicationApproval/index","menuType":"C","icon":"icon-r-yes","createTime":[2025,4,10,20,42,51]}}', '/system/function/saveOrUpdate', '添加修改功能', '{"statusCode":200,"msg":"操作成功"}'),
(846, '2025-04-22 11:09:05', 1, 'SystemFunctionController', 'saveOrUpdate', '127.0.0.1', '{"systemFunction":{"id":91,"name":"病因追查","parentId":99,"orderNum":1,"path":"absenceRecord/index.html","component":"views/manage/absenceRecord/index","menuType":"C","icon":"icon-r-find","createTime":[2025,4,10,20,43,53]}}', '/system/function/saveOrUpdate', '添加修改功能', '{"statusCode":200,"msg":"操作成功"}'),
(847, '2025-04-22 11:09:08', 1, 'SystemFunctionController', 'saveOrUpdate', '127.0.0.1', '{"systemFunction":{"id":92,"name":"病因查询","parentId":99,"orderNum":2,"path":"selectAbsenceRecord/index.html","component":"views/manage/selectAbsenceRecord/index","menuType":"C","createTime":[2025,4,10,20,45,2]}}', '/system/function/saveOrUpdate', '添加修改功能', '{"statusCode":200,"msg":"操作成功"}'),
(848, '2025-04-22 11:09:14', 1, 'SystemFunctionController', 'saveOrUpdate', '127.0.0.1', '{"systemFunction":{"id":94,"name":"Ai","parentId":93,"orderNum":1,"path":"service/AI/index.html","component":"views/service/AI/index","menuType":"C","createTime":[2025,4,16,14,22,57]}}', '/system/function/saveOrUpdate', '添加修改功能', '{"statusCode":200,"msg":"操作成功"}'),
(849, '2025-04-22 11:15:04', 1, 'SystemFunctionController', 'saveOrUpdate', '127.0.0.1', '{"systemFunction":{"id":2,"name":"系统管理","orderNum":6,"menuType":"M","icon":"icon-r-setting","createTime":[2020,12,9,11,7,14]}}', '/system/function/saveOrUpdate', '添加修改功能', '{"statusCode":200,"msg":"操作成功"}'),
(850, '2025-04-22 11:15:07', 1, 'SystemFunctionController', 'saveOrUpdate', '127.0.0.1', '{"systemFunction":{"id":97,"name":"宿舍卫生","orderNum":2,"menuType":"M","icon":"icon-r-building","createTime":[2025,4,22,11,2,52]}}', '/system/function/saveOrUpdate', '添加修改功能', '{"statusCode":200,"msg":"操作成功"}'),
(851, '2025-04-22 11:15:18', 1, 'SystemFunctionController', 'saveOrUpdate', '127.0.0.1', '{"systemFunction":{"id":93,"name":"服务","orderNum":7,"menuType":"M","icon":"icon-r-team","createTime":[2025,4,16,14,22,14]}}', '/system/function/saveOrUpdate', '添加修改功能', '{"statusCode":200,"msg":"操作成功"}'),
(852, '2025-04-22 11:15:27', 1, 'SystemFunctionController', 'saveOrUpdate', '127.0.0.1', '{"systemFunction":{"id":93,"name":"服务","orderNum":6,"menuType":"M","icon":"icon-r-team","createTime":[2025,4,16,14,22,14]}}', '/system/function/saveOrUpdate', '添加修改功能', '{"statusCode":200,"msg":"操作成功"}'),
(853, '2025-04-22 11:15:30', 1, 'SystemFunctionController', 'saveOrUpdate', '127.0.0.1', '{"systemFunction":{"id":2,"name":"系统管理","orderNum":7,"menuType":"M","icon":"icon-r-setting","createTime":[2020,12,9,11,7,14]}}', '/system/function/saveOrUpdate', '添加修改功能', '{"statusCode":200,"msg":"操作成功"}'),
(854, '2025-04-24 14:20:16', 1, 'SystemFunctionController', 'saveOrUpdate', '127.0.0.1', '{"systemFunction":{"name":"问卷调查","parentId":93,"orderNum":3,"path":"service/questionnaire/index.html","component":"views/service/questionnaire/index","menuType":"C"}}', '/system/function/saveOrUpdate', '添加修改功能', '{"statusCode":200,"msg":"操作成功"}'),
(855, '2025-04-24 14:20:37', 1, 'SystemRoleController', 'saveOrUpdate', '127.0.0.1', '{"systemRole":{"id":1,"name":"超级管理员","functionIds":[2,3,4,5,6,7,10,11,12,13,14,15,16,18,38,44,45,46,47,48,49,50,51,52,53,54,55,57,58,59,60,62,63,64,65,66,67,68,69,70,71,72,73,74,75,76,8,78,79,80,61,81,82,56,84,86,77,87,88,85,17,92,89,90,91,93,94,95,96,97,98,99,100]}}', '/system/role/saveOrUpdate', '添加修改角色', '{"statusCode":200,"msg":"操作成功"}'),
(856, '2025-04-27 18:08:53', 1, 'BuildingController', 'saveOrUpdate', '127.0.0.1', '{"building":{"name":"25栋","parentId":1}}', '/building/saveOrUpdate', '', '{"statusCode":200,"msg":"操作成功"}'),
(857, '2025-04-27 18:08:57', 1, 'BuildingController', 'delete', '127.0.0.1', '{"long":22}', '/building/delete', '删除building', '{"statusCode":200,"msg":"删除成功"}'),
(858, '2025-04-27 18:23:37', 1, 'BackLateController', 'saveOrUpdate', '182.245.250.132', '{"backLate":{"studentId":4285,"reason":"堵车了","backDate":"2025-04-27 18:23:25"}}', '/backlate/saveOrUpdate', '', '{"statusCode":200,"msg":"操作成功"}'),
(859, '2025-04-27 18:24:06', 1, 'BackLateController', 'saveOrUpdate', '182.245.250.132', '{"backLate":{"studentId":4273,"reason":"朋友过生日","backDate":"2025-04-26 00:00:00"}}', '/backlate/saveOrUpdate', '', '{"statusCode":200,"msg":"操作成功"}'),
(860, '2025-04-27 18:24:35', 1, 'BackLateController', 'saveOrUpdate', '182.245.250.132', '{"backLate":{"studentId":4283,"reason":"临时有事","backDate":"2025-04-23 00:00:00"}}', '/backlate/saveOrUpdate', '', '{"statusCode":200,"msg":"操作成功"}'),
(861, '2025-04-27 18:25:06', 1, 'BackLateController', 'saveOrUpdate', '182.245.250.132', '{"backLate":{"studentId":4282,"reason":"地铁停运","backDate":"2025-04-26 00:00:00"}}', '/backlate/saveOrUpdate', '', '{"statusCode":200,"msg":"操作成功"}'),
(862, '2025-04-27 18:25:27', 1, 'BackLateController', 'saveOrUpdate', '182.245.250.132', '{"backLate":{"studentId":4281,"reason":"出去玩","backDate":"2025-04-16 00:00:00"}}', '/backlate/saveOrUpdate', '', '{"statusCode":200,"msg":"操作成功"}'),
(863, '2025-04-27 18:26:38', 1, 'LeaveController', 'save', '182.245.250.132', '{"leave":{"reason":"亲戚结婚","studentId":4280,"target":"云南省昆明市官渡区","backDate":[2025,4,30],"count":0}}', '/leave/saveOrUpdate', '', '{"statusCode":200,"msg":"操作成功"}'),
(864, '2025-04-27 18:27:15', 1, 'LeaveController', 'save', '182.245.250.132', '{"leave":{"reason":"亲戚生病去看望","studentId":3461,"target":"云南省昆明市五华区","backDate":[2025,4,25],"count":0}}', '/leave/saveOrUpdate', '', '{"statusCode":200,"msg":"操作成功"}'),
(865, '2025-04-27 18:27:45', 1, 'LeaveController', 'save', '182.245.250.132', '{"leave":{"reason":"出去玩","studentId":3580,"target":"云南省昆明市 西山区","backDate":[2025,4,29],"count":0}}', '/leave/saveOrUpdate', '', '{"statusCode":200,"msg":"操作成功"}'),
(866, '2025-04-27 18:28:32', 1, 'LeaveController', 'save', '182.245.250.132', '{"leave":{"reason":"出去比赛","studentId":4277,"target":"云南省昆明市高新区","backDate":[2025,4,24],"count":0}}', '/leave/saveOrUpdate', '', '{"statusCode":200,"msg":"操作成功"}'),
(867, '2025-04-27 18:29:11', 1, 'LeaveController', 'save', '182.245.250.132', '{"leave":{"reason":"探望亲戚","studentId":4118,"target":"浙江省金华市","backDate":[2025,5,1],"count":0}}', '/leave/saveOrUpdate', '', '{"statusCode":200,"msg":"操作成功"}'),
(868, '2025-04-27 18:29:36', 1, 'LeaveController', 'save', '182.245.250.132', '{"leave":{"reason":"做手术","studentId":4275,"target":"云南省昆明市五华区","backDate":[2025,5,7],"count":0}}', '/leave/saveOrUpdate', '', '{"statusCode":200,"msg":"操作成功"}'),
(869, '2025-04-27 18:30:37', 1, 'RepairController', 'delete', '182.245.250.132', '{"long":6}', '/repair/delete/6', '', '{"statusCode":200,"msg":"删除成功"}'),
(870, '2025-04-27 18:30:52', 1, 'RepairController', 'save', '182.245.250.132', '{"repair":{"roomId":4,"describe":"水龙头漏水"}}', '/repair/saveOrUpdate', '', '{"statusCode":200,"msg":"添加成功"}'),
(871, '2025-04-27 18:31:29', 1, 'LeaveController', 'save', '182.245.250.132', '{"leave":{"reason":"走访亲友","studentId":4274,"target":"云南省昆明市五华区","backDate":[2025,3,12],"count":0}}', '/leave/saveOrUpdate', '', '{"statusCode":200,"msg":"操作成功"}'),
(872, '2025-04-27 18:33:31', 1, 'RepairController', 'save', '182.245.250.132', '{"repair":{"id":7,"roomId":4,"describe":"水龙头漏水","picture":["c15e2f61-19ba-4a71-95e7-36168aab0360.png"],"status":false,"createDate":[2025,4,27],"room":{"id":4,"number":"A1004"}}}', '/repair/saveOrUpdate', '', '{"statusCode":200,"msg":"添加成功"}'),
(873, '2025-04-27 18:33:44', 1, 'RepairController', 'save', '182.245.250.132', '{"repair":{"roomId":24,"describe":"宿舍停电了"}}', '/repair/saveOrUpdate', '', '{"statusCode":200,"msg":"添加成功"}'),
(874, '2025-04-27 18:33:58', 1, 'RepairController', 'save', '182.245.250.132', '{"repair":{"roomId":37,"describe":"门坏了"}}', '/repair/saveOrUpdate', '', '{"statusCode":200,"msg":"添加成功"}'),
(875, '2025-04-27 18:34:10', 1, 'RepairController', 'save', '182.245.250.132', '{"repair":{"roomId":161,"describe":"灯不亮"}}', '/repair/saveOrUpdate', '', '{"statusCode":200,"msg":"添加成功"}'),
(876, '2025-04-27 19:57:29', 1, 'RepairController', 'updateStatus', '182.245.250.132', '{"long":8}', '/repair/updateStatus/8', '', '{"statusCode":200,"msg":"修改成功"}'),
(877, '2025-04-27 19:57:49', 1, 'RepairController', 'save', '182.245.250.132', '{"repair":{"roomId":4,"describe":"水龙头坏了","picture":["c15e2f61-19ba-4a71-95e7-36168aab0360.png"]}}', '/repair/saveOrUpdate', '', '{"statusCode":200,"msg":"添加成功"}'),
(878, '2025-04-27 19:59:26', 1, 'RepairController', 'updateStatus', '182.245.250.132', '{"long":11}', '/repair/updateStatus/11', '', '{"statusCode":200,"msg":"修改成功"}'),
(879, '2025-04-27 19:59:41', 1, 'RepairController', 'save', '182.245.250.132', '{"repair":{"roomId":5,"describe":"水龙头坏了","picture":["c15e2f61-19ba-4a71-95e7-36168aab0360.png"]}}', '/repair/saveOrUpdate', '', '{"statusCode":200,"msg":"添加成功"}'),
(880, '2025-04-27 20:01:47', 1, 'RepairController', 'save', '182.245.250.132', '{"repair":{"roomId":66,"describe":"水龙头坏了","picture":["c15e2f61-19ba-4a71-95e7-36168aab0360.png"]}}', '/repair/saveOrUpdate', '', '{"statusCode":200,"msg":"添加成功"}'),
(881, '2025-04-27 20:01:56', 1, 'RepairController', 'updateStatus', '182.245.250.132', '{"long":13}', '/repair/updateStatus/13', '', '{"statusCode":200,"msg":"修改成功"}'),
(882, '2025-04-27 20:05:36', 1, 'LeaveController', 'update', '182.245.250.132', '{"long":14}', '/leave/update/14', '', '{"statusCode":200,"msg":"更新成功"}'),
(883, '2025-04-27 20:32:38', 1, 'NoticeController', 'sendToBuilding', '182.245.250.132', '{"string":"63347387-857b-4416-829a-ae12e7370c04","long":1,"notice":{"msg":"5月1日至5日放假调休，4月27日正常上课。"}}', '/notice/sendToBuilding/1', '发送消息给多个用户', '{"statusCode":200,"msg":"发送成功"}'),
(884, '2025-04-27 20:37:50', 1, 'FacultyController', 'saveOrUpdate', '182.245.250.132', '{"faculty":{"id":10,"name":"软件2201","parentId":7,"orderNum":1}}', '/faculty/saveOrUpdate', '添加或更新学院', '{"statusCode":200,"msg":"操作成功"}'),
(885, '2025-04-27 20:59:40', 1, 'RepairController', 'save', '182.245.250.132', '{"repair":{"roomId":8,"describe":"水龙头坏了","picture":["c15e2f61-19ba-4a71-95e7-36168aab0360.png"]}}', '/repair/saveOrUpdate', '', '{"statusCode":200,"msg":"添加成功"}'),
(886, '2025-04-27 21:00:37', 1, 'RepairController', 'save', '182.245.250.132', '{"repair":{"roomId":121,"describe":"水龙头漏水","picture":["c15e2f61-19ba-4a71-95e7-36168aab0360.png"]}}', '/repair/saveOrUpdate', '', '{"statusCode":200,"msg":"添加成功"}'),
(887, '2025-04-27 21:00:46', 1, 'RepairController', 'updateStatus', '182.245.250.132', '{"long":15}', '/repair/updateStatus/15', '', '{"statusCode":200,"msg":"修改成功"}'),
(888, '2025-04-27 21:07:44', 1, 'RepairController', 'save', '182.245.250.132', '{"repair":{"roomId":5,"describe":"水龙头坏了"}}', '/repair/saveOrUpdate', '', '{"statusCode":200,"msg":"添加成功"}'),
(889, '2025-04-27 21:07:44', 1, 'RepairController', 'save', '182.245.250.132', '{"repair":{"roomId":5,"describe":"水龙头坏了","picture":["c15e2f61-19ba-4a71-95e7-36168aab0360.png"]}}', '/repair/saveOrUpdate', '', '{"statusCode":200,"msg":"添加成功"}'),
(890, '2025-04-27 21:07:54', 1, 'RepairController', 'updateStatus', '182.245.250.132', '{"long":17}', '/repair/updateStatus/17', '', '{"statusCode":200,"msg":"修改成功"}'),
(891, '2025-04-27 21:09:44', 1, 'RepairController', 'updateStatus', '182.245.250.132', '{"long":16}', '/repair/updateStatus/16', '', '{"statusCode":200,"msg":"修改成功"}'),
(892, '2025-04-27 21:09:58', 1, 'RepairController', 'save', '182.245.250.132', '{"repair":{"roomId":4,"describe":"水龙头坏了","picture":["c15e2f61-19ba-4a71-95e7-36168aab0360.png"]}}', '/repair/saveOrUpdate', '', '{"statusCode":200,"msg":"添加成功"}'),
(893, '2025-04-27 21:10:53', 1, 'LeaveController', 'save', '182.245.250.132', '{"leave":{"reason":"走访亲友","studentId":4274,"target":"云南省昆明市五华区","backDate":[2025,4,28],"count":0}}', '/leave/saveOrUpdate', '', '{"statusCode":200,"msg":"操作成功"}'),
(894, '2025-04-27 21:11:01', 1, 'LeaveController', 'update', '182.245.250.132', '{"long":15}', '/leave/update/15', '', '{"statusCode":200,"msg":"更新成功"}'),
(895, '2025-04-28 16:06:20', 1, 'LeaveController', 'save', '106.61.195.196', '{"leave":{"reason":"家里有事","studentId":4209,"target":"云南省昆明市盘龙区穿金路美树橙","backDate":[2025,3,22],"count":0}}', '/leave/saveOrUpdate', '', '{"statusCode":200,"msg":"操作成功"}'),
(896, '2025-04-28 18:29:37', 1, 'RepairController', 'save', '112.115.142.99', '{"repair":{"roomId":69,"describe":"水龙头坏了","picture":["c15e2f61-19ba-4a71-95e7-36168aab0360.png"]}}', '/repair/saveOrUpdate', '', '{"statusCode":200,"msg":"添加成功"}'),
(897, '2025-04-28 18:29:51', 1, 'RepairController', 'updateStatus', '112.115.142.99', '{"long":19}', '/repair/updateStatus/19', '', '{"statusCode":200,"msg":"修改成功"}'),
(898, '2025-04-28 18:33:39', 1, 'BackLateController', 'saveOrUpdate', '112.115.142.99', '{"backLate":{"studentId":4282,"reason":"堵车了","backDate":"2025-04-29 00:00:00"}}', '/backlate/saveOrUpdate', '', '{"statusCode":200,"msg":"操作成功"}'),
(899, '2025-04-28 18:34:16', 1, 'LeaveController', 'save', '112.115.142.99', '{"leave":{"reason":"出去玩","studentId":4282,"target":"云南省昆明市五华区","backDate":[2025,4,29],"count":0}}', '/leave/saveOrUpdate', '', '{"statusCode":200,"msg":"操作成功"}'),
(900, '2025-04-28 18:34:29', 1, 'LeaveController', 'update', '112.115.142.99', '{"long":17}', '/leave/update/17', '', '{"statusCode":200,"msg":"更新成功"}'),
(901, '2025-04-30 10:22:13', 1, 'SystemFunctionController', 'saveOrUpdate', '61.166.136.195', '{"systemFunction":{"id":94,"name":"Ai","parentId":93,"orderNum":1,"path":"service/AI/index.html","component":"views/service/AI/index","menuType":"C","icon":"icon-r-mark2","createTime":[2025,4,16,14,22,57]}}', '/system/function/saveOrUpdate', '添加修改功能', '{"statusCode":200,"msg":"操作成功"}'),
(902, '2025-04-30 10:23:03', 1, 'SystemFunctionController', 'saveOrUpdate', '61.166.136.195', '{"systemFunction":{"id":94,"name":"Ai","parentId":93,"orderNum":1,"path":"service/AI/index.html","component":"views/service/AI/index","menuType":"C","icon":"icon-r-team","createTime":[2025,4,16,14,22,57]}}', '/system/function/saveOrUpdate', '添加修改功能', '{"statusCode":200,"msg":"操作成功"}'),
(903, '2025-04-30 10:23:23', 1, 'SystemFunctionController', 'saveOrUpdate', '61.166.136.195', '{"systemFunction":{"id":95,"name":"网盘","parentId":93,"orderNum":2,"path":"service/cloud/index.html","component":"views/service/cloud/index","menuType":"C","icon":"icon-r-mark1","createTime":[2025,4,16,14,40,39]}}', '/system/function/saveOrUpdate', '添加修改功能', '{"statusCode":200,"msg":"操作成功"}');

-- --------------------------------------------------------

--
-- 表的结构 `system_role`
--

CREATE TABLE IF NOT EXISTS `system_role` (
  `id` bigint NOT NULL,
  `name` varchar(20) CHARACTER SET utf8 COLLATE utf8_general_ci NOT NULL,
  `create_time` datetime DEFAULT NULL
) ENGINE=InnoDB AUTO_INCREMENT=5 DEFAULT CHARSET=utf8mb3 ROW_FORMAT=DYNAMIC;

--
-- 转存表中的数据 `system_role`
--

INSERT INTO `system_role` (`id`, `name`, `create_time`) VALUES
(1, '超级管理员', '2020-12-09 11:05:12'),
(2, '宿管', '2021-02-04 13:58:02'),
(3, '系统管理员', '2021-03-19 16:44:17'),
(4, '学生', '2023-05-05 23:33:37');

-- --------------------------------------------------------

--
-- 表的结构 `system_role_function`
--

CREATE TABLE IF NOT EXISTS `system_role_function` (
  `role_id` bigint NOT NULL,
  `function_id` bigint NOT NULL
) ENGINE=InnoDB DEFAULT CHARSET=utf8mb3 ROW_FORMAT=DYNAMIC;

--
-- 转存表中的数据 `system_role_function`
--

INSERT INTO `system_role_function` (`role_id`, `function_id`) VALUES
(2, 45),
(2, 61),
(2, 56),
(2, 51),
(2, 60),
(2, 54),
(2, 50),
(2, 59),
(2, 67),
(2, 69),
(2, 68),
(2, 70),
(2, 71),
(2, 72),
(2, 74),
(2, 73),
(2, 75),
(2, 76),
(2, 77),
(2, 78),
(2, 79),
(2, 80),
(2, 81),
(3, 2),
(3, 66),
(3, 3),
(3, 4),
(3, 5),
(3, 38),
(3, 6),
(3, 7),
(3, 8),
(3, 14),
(3, 10),
(3, 12),
(3, 11),
(3, 13),
(3, 15),
(3, 16),
(3, 17),
(3, 18),
(3, 44),
(3, 45),
(4, 79),
(4, 45),
(4, 77),
(4, 78),
(1, 2),
(1, 3),
(1, 4),
(1, 5),
(1, 6),
(1, 7),
(1, 10),
(1, 11),
(1, 12),
(1, 13),
(1, 14),
(1, 15),
(1, 16),
(1, 18),
(1, 38),
(1, 44),
(1, 45),
(1, 46),
(1, 47),
(1, 48),
(1, 49),
(1, 50),
(1, 51),
(1, 52),
(1, 53),
(1, 54),
(1, 55),
(1, 57),
(1, 58),
(1, 59),
(1, 60),
(1, 62),
(1, 63),
(1, 64),
(1, 65),
(1, 66),
(1, 67),
(1, 68),
(1, 69),
(1, 70),
(1, 71),
(1, 72),
(1, 73),
(1, 74),
(1, 75),
(1, 76),
(1, 8),
(1, 78),
(1, 79),
(1, 80),
(1, 61),
(1, 81),
(1, 82),
(1, 56),
(1, 84),
(1, 86),
(1, 77),
(1, 87),
(1, 88),
(1, 85),
(1, 17),
(1, 92),
(1, 89),
(1, 90),
(1, 91),
(1, 93),
(1, 94),
(1, 95),
(1, 96),
(1, 97),
(1, 98),
(1, 99),
(1, 100);

-- --------------------------------------------------------

--
-- 表的结构 `system_user`
--

CREATE TABLE IF NOT EXISTS `system_user` (
  `id` bigint NOT NULL,
  `real_name` varchar(20) CHARACTER SET utf8 COLLATE utf8_general_ci DEFAULT NULL,
  `login_name` varchar(20) CHARACTER SET utf8 COLLATE utf8_general_ci NOT NULL,
  `password` varchar(255) CHARACTER SET utf8 COLLATE utf8_general_ci NOT NULL,
  `icon` varchar(255) CHARACTER SET utf8 COLLATE utf8_general_ci DEFAULT NULL,
  `cellphone` varchar(11) CHARACTER SET utf8 COLLATE utf8_general_ci DEFAULT NULL,
  `email` varchar(30) CHARACTER SET utf8 COLLATE utf8_general_ci DEFAULT NULL,
  `create_time` datetime DEFAULT NULL,
  `is_delete` tinyint(1) DEFAULT NULL,
  `leader_id` bigint DEFAULT NULL,
  `building_id` bigint DEFAULT NULL
) ENGINE=InnoDB AUTO_INCREMENT=46 DEFAULT CHARSET=utf8mb3 ROW_FORMAT=DYNAMIC;

--
-- 转存表中的数据 `system_user`
--

INSERT INTO `system_user` (`id`, `real_name`, `login_name`, `password`, `icon`, `cellphone`, `email`, `create_time`, `is_delete`, `leader_id`, `building_id`) VALUES
(1, '超级管理员', 'superadmin', 'e10adc3949ba59abbe56e057f20f883e', '39f620d0-2ad8-493a-9708-a6a4120abbe9.png', '13599999999', '1246761517@qq.com', '2020-12-09 11:04:54', NULL, NULL, 1),
(23, '系统管理员', 'admin', 'e10adc3949ba59abbe56e057f20f883e', '691fd671-2b3a-4ead-93e3-2af25a344f24.png', '13599999999', '644664588@qq.com', '2021-01-08 10:23:37', NULL, 1, 1),
(24, '杨秀梅', 'user', 'e10adc3949ba59abbe56e057f20f883e', '8c9b05b5-6820-4a6a-82f7-eb39ee2f5ffe.png', '13599999999', '279a797a@163.com', '2021-02-04 13:56:48', NULL, 29, 19),
(25, '杨阳', '3a6a3de4', 'e10adc3949ba59abbe56e057f20f883e', 'bf796bfa-8c1f-4352-83d6-514ec6b72c1c.png', '13599999999', '3a6a3de4@163.com', '2021-02-04 13:56:48', NULL, 29, 19),
(26, '曹欣', '8cc3a7e6', 'e10adc3949ba59abbe56e057f20f883e', '721e1934-39c1-4a39-a83e-46e613acda0e.png', '13599999999', '8cc3a7e6@163.com', '2021-02-04 13:56:48', NULL, 29, 18),
(27, '蒋梅', 'f4c639a9', 'e10adc3949ba59abbe56e057f20f883e', NULL, '13599999999', 'f4c639a9@163.com', '2021-02-04 13:56:48', NULL, 29, 18),
(28, '乔洋', '8790f28c', 'e10adc3949ba59abbe56e057f20f883e', NULL, '13599999999', '8790f28c@163.com', '2021-02-04 13:56:48', NULL, 29, 18),
(29, '刘琴', '0b748652', 'e10adc3949ba59abbe56e057f20f883e', NULL, '13599999999', '0b748652@163.com', '2021-02-04 13:56:48', NULL, 23, 5),
(30, '余佳', 'f1f273a5', 'e10adc3949ba59abbe56e057f20f883e', NULL, '13599999999', 'f1f273a5@163.com', '2021-02-04 13:56:48', NULL, 36, 17),
(31, '罗雪', '9bf9479b', 'e10adc3949ba59abbe56e057f20f883e', 'ecdbb708-1eba-4342-8c22-88481a5824cc.png', '13599999999', '9bf9479b@163.com', '2021-02-04 13:56:48', NULL, 36, 17),
(32, '刘雷', '1d411751', 'e10adc3949ba59abbe56e057f20f883e', NULL, '13599999999', '1d411751@163.com', '2021-02-04 13:56:48', NULL, 36, 16),
(33, '陈静', '486bc452', 'e10adc3949ba59abbe56e057f20f883e', NULL, '13599999999', '486bc452@163.com', '2021-02-04 13:56:48', NULL, 36, 15),
(34, '谭淑华', 'dff82c67', 'e10adc3949ba59abbe56e057f20f883e', NULL, '13599999999', 'dff82c67@163.com', '2021-02-04 13:56:48', NULL, 36, 16),
(35, '姜欢', 'b01b6d11', 'e10adc3949ba59abbe56e057f20f883e', NULL, '13599999999', 'b01b6d11@163.com', '2021-02-04 13:56:48', NULL, 36, 15),
(36, '梁建华', 'fd408852', 'e10adc3949ba59abbe56e057f20f883e', NULL, '13599999999', 'fd408852@163.com', '2021-02-04 13:56:48', NULL, 23, 3),
(37, '刘柳', 'b7720179', 'e10adc3949ba59abbe56e057f20f883e', NULL, '13599999999', 'b7720179@163.com', '2021-02-04 13:56:48', NULL, 43, 14),
(38, '薛建', '38562784', 'e10adc3949ba59abbe56e057f20f883e', NULL, '13599999999', '38562784@163.com', '2021-02-04 13:56:48', NULL, 43, 13),
(39, '丁佳', '5efdaea9', 'e10adc3949ba59abbe56e057f20f883e', NULL, '13599999999', '5efdaea9@163.com', '2021-02-04 13:56:48', NULL, 43, 13),
(40, '张岩', 'f9a38829', 'e10adc3949ba59abbe56e057f20f883e', NULL, '13599999999', 'f9a38829@163.com', '2021-02-04 13:56:48', NULL, 43, 6),
(41, '段辉', 'fc7191ba', 'e10adc3949ba59abbe56e057f20f883e', NULL, '13599999999', 'fc7191ba@163.com', '2021-02-04 13:56:48', NULL, 43, 14),
(42, '李文', 'cdce39ad', 'e10adc3949ba59abbe56e057f20f883e', NULL, '13599999999', 'cdce39ad@163.com', '2021-02-04 13:56:48', NULL, 43, 6),
(43, '宋欢', 'ed19eef6', 'e10adc3949ba59abbe56e057f20f883e', 'bc21e192-bc6e-4a6b-a543-d61ce4cb49b2.png', '13599999999', 'ed19eef6@163.com', '2021-02-04 13:56:48', NULL, 23, 2),
(44, '123456', 'qwert', 'e10adc3949ba59abbe56e057f20f883e', NULL, '13599999999', NULL, '2021-02-05 17:34:15', 1, NULL, 1),
(45, '王五', 'test01', 'e10adc3949ba59abbe56e057f20f883e', NULL, '13599999999', '155@qq.com', '2023-05-05 23:34:58', NULL, 41, 14);

-- --------------------------------------------------------

--
-- 表的结构 `system_user_role`
--

CREATE TABLE IF NOT EXISTS `system_user_role` (
  `user_id` bigint NOT NULL,
  `role_id` bigint NOT NULL
) ENGINE=InnoDB DEFAULT CHARSET=utf8mb3 ROW_FORMAT=DYNAMIC;

--
-- 转存表中的数据 `system_user_role`
--

INSERT INTO `system_user_role` (`user_id`, `role_id`) VALUES
(43, 2),
(42, 2),
(41, 2),
(40, 2),
(39, 2),
(38, 2),
(37, 2),
(36, 2),
(35, 2),
(34, 2),
(33, 2),
(32, 2),
(31, 2),
(30, 2),
(29, 2),
(28, 2),
(27, 2),
(26, 2),
(25, 2),
(23, 3),
(1, 1),
(24, 2),
(45, 4);

--
-- Indexes for dumped tables
--

--
-- Indexes for table `absence_record`
--
ALTER TABLE `absence_record`
  ADD PRIMARY KEY (`id`) USING BTREE,
  ADD KEY `idx_report_date` (`report_date`) USING BTREE,
  ADD KEY `idx_absent_date` (`absent_date`) USING BTREE,
  ADD KEY `class_id` (`class_id`) USING BTREE;

--
-- Indexes for table `back_late`
--
ALTER TABLE `back_late`
  ADD PRIMARY KEY (`id`) USING BTREE,
  ADD KEY `fk_s_s` (`student_id`) USING BTREE;

--
-- Indexes for table `building`
--
ALTER TABLE `building`
  ADD PRIMARY KEY (`id`) USING BTREE,
  ADD KEY `fk_pid` (`parent_id`) USING BTREE;

--
-- Indexes for table `depart_application`
--
ALTER TABLE `depart_application`
  ADD PRIMARY KEY (`id`) USING BTREE,
  ADD KEY `fk_oui` (`apply_user_id`) USING BTREE,
  ADD KEY `fk_si` (`student_id`) USING BTREE;

--
-- Indexes for table `depart_application_user`
--
ALTER TABLE `depart_application_user`
  ADD PRIMARY KEY (`id`) USING BTREE,
  ADD KEY `fk_op_uid` (`operate_user_id`) USING BTREE,
  ADD KEY `fk_dpId` (`application_id`) USING BTREE;

--
-- Indexes for table `faculty`
--
ALTER TABLE `faculty`
  ADD PRIMARY KEY (`id`) USING BTREE,
  ADD KEY `fk_parent` (`parent_id`) USING BTREE;

--
-- Indexes for table `image`
--
ALTER TABLE `image`
  ADD PRIMARY KEY (`id`) USING BTREE,
  ADD KEY `md5` (`md5`) USING BTREE,
  ADD KEY `fk_userid` (`upload_user`) USING BTREE;

--
-- Indexes for table `leave`
--
ALTER TABLE `leave`
  ADD PRIMARY KEY (`id`) USING BTREE,
  ADD KEY `fk_student_id` (`student_id`) USING BTREE;

--
-- Indexes for table `leave_applications`
--
ALTER TABLE `leave_applications`
  ADD PRIMARY KEY (`apply_id`) USING BTREE,
  ADD UNIQUE KEY `idx_student_apply` (`student_no`) USING BTREE,
  ADD KEY `idx_status` (`status`) USING BTREE,
  ADD KEY `idx_dates` (`start_date`,`end_date`) USING BTREE;

--
-- Indexes for table `notice`
--
ALTER TABLE `notice`
  ADD PRIMARY KEY (`id`) USING BTREE,
  ADD KEY `fk_user_notice` (`user_id`) USING BTREE;

--
-- Indexes for table `notice_user`
--
ALTER TABLE `notice_user`
  ADD KEY `fk_msg1` (`notice_id`) USING BTREE,
  ADD KEY `fk_user1` (`user_id`) USING BTREE;

--
-- Indexes for table `repair`
--
ALTER TABLE `repair`
  ADD PRIMARY KEY (`id`) USING BTREE,
  ADD KEY `service___fk_rid` (`room_id`) USING BTREE;

--
-- Indexes for table `repair_picture`
--
ALTER TABLE `repair_picture`
  ADD KEY `fk_repair_id` (`repair_id`) USING BTREE;

--
-- Indexes for table `room`
--
ALTER TABLE `room`
  ADD PRIMARY KEY (`id`) USING BTREE,
  ADD KEY `fk_buding_id` (`building_id`) USING BTREE;

--
-- Indexes for table `score`
--
ALTER TABLE `score`
  ADD PRIMARY KEY (`id`) USING BTREE,
  ADD KEY `room_id` (`room_id`) USING BTREE;

--
-- Indexes for table `score_image`
--
ALTER TABLE `score_image`
  ADD PRIMARY KEY (`id`) USING BTREE,
  ADD KEY `score_id` (`score_id`) USING BTREE;

--
-- Indexes for table `student`
--
ALTER TABLE `student`
  ADD PRIMARY KEY (`id`) USING BTREE,
  ADD KEY `fk_faculty` (`faculty_id`) USING BTREE,
  ADD KEY `fk_s_r` (`room_id`) USING BTREE;

--
-- Indexes for table `system_function`
--
ALTER TABLE `system_function`
  ADD PRIMARY KEY (`id`) USING BTREE;

--
-- Indexes for table `system_log`
--
ALTER TABLE `system_log`
  ADD PRIMARY KEY (`id`) USING BTREE,
  ADD KEY `fk_ul` (`user_id`) USING BTREE;

--
-- Indexes for table `system_role`
--
ALTER TABLE `system_role`
  ADD PRIMARY KEY (`id`) USING BTREE;

--
-- Indexes for table `system_role_function`
--
ALTER TABLE `system_role_function`
  ADD KEY `fk_ff` (`role_id`) USING BTREE,
  ADD KEY `fk_rr` (`function_id`) USING BTREE;

--
-- Indexes for table `system_user`
--
ALTER TABLE `system_user`
  ADD PRIMARY KEY (`id`) USING BTREE,
  ADD KEY `fk_leader` (`leader_id`) USING BTREE,
  ADD KEY `fk_building` (`building_id`) USING BTREE;

--
-- Indexes for table `system_user_role`
--
ALTER TABLE `system_user_role`
  ADD KEY `fk_uid` (`user_id`) USING BTREE,
  ADD KEY `fk_role_id` (`role_id`) USING BTREE;

--
-- AUTO_INCREMENT for dumped tables
--

--
-- AUTO_INCREMENT for table `absence_record`
--
ALTER TABLE `absence_record`
  MODIFY `id` int NOT NULL AUTO_INCREMENT COMMENT '主键ID',AUTO_INCREMENT=20;
--
-- AUTO_INCREMENT for table `back_late`
--
ALTER TABLE `back_late`
  MODIFY `id` bigint NOT NULL AUTO_INCREMENT,AUTO_INCREMENT=9;
--
-- AUTO_INCREMENT for table `building`
--
ALTER TABLE `building`
  MODIFY `id` bigint NOT NULL AUTO_INCREMENT,AUTO_INCREMENT=22;
--
-- AUTO_INCREMENT for table `depart_application`
--
ALTER TABLE `depart_application`
  MODIFY `id` bigint NOT NULL AUTO_INCREMENT,AUTO_INCREMENT=29;
--
-- AUTO_INCREMENT for table `depart_application_user`
--
ALTER TABLE `depart_application_user`
  MODIFY `id` bigint NOT NULL AUTO_INCREMENT,AUTO_INCREMENT=34;
--
-- AUTO_INCREMENT for table `faculty`
--
ALTER TABLE `faculty`
  MODIFY `id` bigint NOT NULL AUTO_INCREMENT,AUTO_INCREMENT=42;
--
-- AUTO_INCREMENT for table `image`
--
ALTER TABLE `image`
  MODIFY `id` bigint NOT NULL AUTO_INCREMENT,AUTO_INCREMENT=28;
--
-- AUTO_INCREMENT for table `leave`
--
ALTER TABLE `leave`
  MODIFY `id` bigint NOT NULL AUTO_INCREMENT,AUTO_INCREMENT=18;
--
-- AUTO_INCREMENT for table `leave_applications`
--
ALTER TABLE `leave_applications`
  MODIFY `apply_id` bigint NOT NULL AUTO_INCREMENT COMMENT '申请ID',AUTO_INCREMENT=39;
--
-- AUTO_INCREMENT for table `notice`
--
ALTER TABLE `notice`
  MODIFY `id` bigint NOT NULL AUTO_INCREMENT,AUTO_INCREMENT=50;
--
-- AUTO_INCREMENT for table `repair`
--
ALTER TABLE `repair`
  MODIFY `id` bigint NOT NULL AUTO_INCREMENT,AUTO_INCREMENT=20;
--
-- AUTO_INCREMENT for table `room`
--
ALTER TABLE `room`
  MODIFY `id` bigint NOT NULL AUTO_INCREMENT,AUTO_INCREMENT=402;
--
-- AUTO_INCREMENT for table `score`
--
ALTER TABLE `score`
  MODIFY `id` bigint NOT NULL AUTO_INCREMENT,AUTO_INCREMENT=17;
--
-- AUTO_INCREMENT for table `score_image`
--
ALTER TABLE `score_image`
  MODIFY `id` bigint NOT NULL AUTO_INCREMENT,AUTO_INCREMENT=18;
--
-- AUTO_INCREMENT for table `student`
--
ALTER TABLE `student`
  MODIFY `id` bigint NOT NULL AUTO_INCREMENT,AUTO_INCREMENT=4286;
--
-- AUTO_INCREMENT for table `system_function`
--
ALTER TABLE `system_function`
  MODIFY `id` bigint NOT NULL AUTO_INCREMENT,AUTO_INCREMENT=101;
--
-- AUTO_INCREMENT for table `system_log`
--
ALTER TABLE `system_log`
  MODIFY `id` bigint NOT NULL AUTO_INCREMENT,AUTO_INCREMENT=904;
--
-- AUTO_INCREMENT for table `system_role`
--
ALTER TABLE `system_role`
  MODIFY `id` bigint NOT NULL AUTO_INCREMENT,AUTO_INCREMENT=5;
--
-- AUTO_INCREMENT for table `system_user`
--
ALTER TABLE `system_user`
  MODIFY `id` bigint NOT NULL AUTO_INCREMENT,AUTO_INCREMENT=46;
--
-- 限制导出的表
--

--
-- 限制表 `absence_record`
--
ALTER TABLE `absence_record`
  ADD CONSTRAINT `absence_record_ibfk_1` FOREIGN KEY (`class_id`) REFERENCES `faculty` (`id`) ON DELETE RESTRICT ON UPDATE CASCADE;

--
-- 限制表 `back_late`
--
ALTER TABLE `back_late`
  ADD CONSTRAINT `fk_s_s` FOREIGN KEY (`student_id`) REFERENCES `student` (`id`) ON DELETE RESTRICT ON UPDATE RESTRICT;

--
-- 限制表 `building`
--
ALTER TABLE `building`
  ADD CONSTRAINT `fk_pid` FOREIGN KEY (`parent_id`) REFERENCES `building` (`id`) ON DELETE RESTRICT ON UPDATE RESTRICT;

--
-- 限制表 `depart_application`
--
ALTER TABLE `depart_application`
  ADD CONSTRAINT `fk_oui` FOREIGN KEY (`apply_user_id`) REFERENCES `system_user` (`id`) ON DELETE RESTRICT ON UPDATE RESTRICT,
  ADD CONSTRAINT `fk_si` FOREIGN KEY (`student_id`) REFERENCES `student` (`id`) ON DELETE RESTRICT ON UPDATE RESTRICT;

--
-- 限制表 `depart_application_user`
--
ALTER TABLE `depart_application_user`
  ADD CONSTRAINT `fk_dpId` FOREIGN KEY (`application_id`) REFERENCES `depart_application` (`id`) ON DELETE RESTRICT ON UPDATE RESTRICT,
  ADD CONSTRAINT `fk_op_uid` FOREIGN KEY (`operate_user_id`) REFERENCES `system_user` (`id`) ON DELETE RESTRICT ON UPDATE RESTRICT;

--
-- 限制表 `faculty`
--
ALTER TABLE `faculty`
  ADD CONSTRAINT `fk_parent` FOREIGN KEY (`parent_id`) REFERENCES `faculty` (`id`) ON DELETE RESTRICT ON UPDATE RESTRICT;

--
-- 限制表 `image`
--
ALTER TABLE `image`
  ADD CONSTRAINT `fk_userid` FOREIGN KEY (`upload_user`) REFERENCES `system_user` (`id`) ON DELETE RESTRICT ON UPDATE RESTRICT;

--
-- 限制表 `leave`
--
ALTER TABLE `leave`
  ADD CONSTRAINT `fk_student_id` FOREIGN KEY (`student_id`) REFERENCES `student` (`id`) ON DELETE RESTRICT ON UPDATE RESTRICT;

--
-- 限制表 `notice`
--
ALTER TABLE `notice`
  ADD CONSTRAINT `fk_user_notice` FOREIGN KEY (`user_id`) REFERENCES `system_user` (`id`) ON DELETE RESTRICT ON UPDATE RESTRICT;

--
-- 限制表 `notice_user`
--
ALTER TABLE `notice_user`
  ADD CONSTRAINT `fk_msg1` FOREIGN KEY (`notice_id`) REFERENCES `notice` (`id`) ON DELETE RESTRICT ON UPDATE RESTRICT,
  ADD CONSTRAINT `fk_user1` FOREIGN KEY (`user_id`) REFERENCES `system_user` (`id`) ON DELETE RESTRICT ON UPDATE RESTRICT;

--
-- 限制表 `repair`
--
ALTER TABLE `repair`
  ADD CONSTRAINT `service___fk_rid` FOREIGN KEY (`room_id`) REFERENCES `room` (`id`) ON DELETE RESTRICT ON UPDATE RESTRICT;

--
-- 限制表 `repair_picture`
--
ALTER TABLE `repair_picture`
  ADD CONSTRAINT `fk_repair_id` FOREIGN KEY (`repair_id`) REFERENCES `repair` (`id`) ON DELETE RESTRICT ON UPDATE RESTRICT;

--
-- 限制表 `room`
--
ALTER TABLE `room`
  ADD CONSTRAINT `fk_buding_id` FOREIGN KEY (`building_id`) REFERENCES `building` (`id`) ON DELETE RESTRICT ON UPDATE RESTRICT;

--
-- 限制表 `score`
--
ALTER TABLE `score`
  ADD CONSTRAINT `score_ibfk_1` FOREIGN KEY (`room_id`) REFERENCES `room` (`id`) ON DELETE RESTRICT ON UPDATE RESTRICT;

--
-- 限制表 `score_image`
--
ALTER TABLE `score_image`
  ADD CONSTRAINT `score_image_ibfk_1` FOREIGN KEY (`score_id`) REFERENCES `score` (`id`) ON DELETE RESTRICT ON UPDATE RESTRICT;

--
-- 限制表 `student`
--
ALTER TABLE `student`
  ADD CONSTRAINT `fk_faculty` FOREIGN KEY (`faculty_id`) REFERENCES `faculty` (`id`) ON DELETE RESTRICT ON UPDATE RESTRICT,
  ADD CONSTRAINT `fk_s_r` FOREIGN KEY (`room_id`) REFERENCES `room` (`id`) ON DELETE RESTRICT ON UPDATE RESTRICT;

--
-- 限制表 `system_log`
--
ALTER TABLE `system_log`
  ADD CONSTRAINT `fk_ul` FOREIGN KEY (`user_id`) REFERENCES `system_user` (`id`) ON DELETE RESTRICT ON UPDATE RESTRICT;

--
-- 限制表 `system_role_function`
--
ALTER TABLE `system_role_function`
  ADD CONSTRAINT `fk_rf` FOREIGN KEY (`role_id`) REFERENCES `system_role` (`id`) ON DELETE RESTRICT ON UPDATE RESTRICT,
  ADD CONSTRAINT `fk_rr` FOREIGN KEY (`function_id`) REFERENCES `system_function` (`id`) ON DELETE RESTRICT ON UPDATE RESTRICT;

--
-- 限制表 `system_user`
--
ALTER TABLE `system_user`
  ADD CONSTRAINT `fk_building` FOREIGN KEY (`building_id`) REFERENCES `building` (`id`) ON DELETE RESTRICT ON UPDATE RESTRICT,
  ADD CONSTRAINT `fk_leader` FOREIGN KEY (`leader_id`) REFERENCES `system_user` (`id`) ON DELETE RESTRICT ON UPDATE RESTRICT;

--
-- 限制表 `system_user_role`
--
ALTER TABLE `system_user_role`
  ADD CONSTRAINT `fk_role_id` FOREIGN KEY (`role_id`) REFERENCES `system_role` (`id`) ON DELETE RESTRICT ON UPDATE RESTRICT,
  ADD CONSTRAINT `fk_uid` FOREIGN KEY (`user_id`) REFERENCES `system_user` (`id`) ON DELETE RESTRICT ON UPDATE RESTRICT;

/*!40101 SET CHARACTER_SET_CLIENT=@OLD_CHARACTER_SET_CLIENT */;
/*!40101 SET CHARACTER_SET_RESULTS=@OLD_CHARACTER_SET_RESULTS */;
/*!40101 SET COLLATION_CONNECTION=@OLD_COLLATION_CONNECTION */;
